Workbook

Sheet Instructions
B2: Resource Forecasting Model Workbook
B3: This workbook is intended to be used with the Resource Forecasting Model App found here | T3: *Efficiency Factors have been adjusted to default to the MPG work requirements
B5: WORKBOOK INSTRUCTIONS | D5: RESOURCE MODEL INSTRUCTIONS | T5: Resourcing Dash > Resources > KPI's >
B6: 1. Review and complete all tabs in this workbook | D6: 1. The Resource Model contains three tabs for analyzing and visualizing the aggregated resources.
B7: 1.1 Populate the Project List on the "Projects" tab and follow instructions at top of page.
B8: 1.2 Review "Duration Table" tab and follow instructions at top of page.
B9: 1.3 Review "Program Resources" tab and follow instructions at top of page.
B10: 1.4 Review Project Archetype tabs (blue tabs) and follow instructions at top of pages.
B11: 2. Once the above steps are complete, save this workbook.
B12: 3. Open the MPG Resourcing App (Link) and upload the saved workbook.
B13: 3.1 Under "Aggregation", select the time-interval for which you'd like the resource data to be summarized to. (For example, if "quarter" is selected, each bar in the model's charts will represent one quarter)
D17: 2. Scaling Factors may be applied to resources to scale them up or down according to project value. A scaling factor less than one indicates less resources are required. A scaling factor greater than one indicates more resources are required.
B26: 3.2 Click the "Upload" icon in the middle of the page and select the saved workbook.
B27: 3.3. Upon uploading the workbook, the model will take a few minutes to process the data
D38: 3. Data may be viewed in table format and downloaded as a .csv file below any of the charts
D52: 4. Apply Filters to drill down into the data. Filters will also be applied to the data tables below the charts.

Sheet Projects
A9: PROJECT LIST
A10: Program Name | B10: Project Name | C10: Portfolio | D10: OpCo | E10: Project Archetype | F10: Cost ($M) | G10: Project Kickoff | H10: Engineering Start | I10: Engineering Finish | J10: ISD | K10: Project Finish
A11: Highlands Buildout | B11: High Plains Intertie | C11: Linear Assets | D11: PSCo | E11: Transmission and Distribution | F11: 213.46973 | G11: 46235 | H11: 46327 | J11: 46631
A12: Highlands Buildout | B12: Canyon Crest Feeder Upgrade | C12: Linear Assets | D12: PSCo | E12: Transmission and Distribution | F12: 37.723744 | G12: 46235 | H12: 46266 | J12: 46691
A13: Urban Renewal | B13: Summit Crest 115‑kV Station | C13: Linear Assets | D13: SPS | E13: Substation | F13: 146 | G13: 46235 | H13: 46310 | J13: 46722
A14: Urban Renewal | B14: Canyon Winds Energy Center | C14: Fixed Assets | D14: PSCo | E14: Wind | F14: 345 | G14: 46235 | H14: 46236 | I14: 46478 | J14: 46966
A15: Urban Renewal | B15: Crystal Falls Turbine Renewal | C15: Fixed Assets | D15: PSCo | E15: Hydro | F15: 222 | J15: 47062
A16: Southwest Energy Supply | B16: Copper Ridge BESS Upgrade | C16: Fixed Assets | D16: SPS | E16: BESS | F16: 111 | G16: 46266 | H16: 46310 | J16: 47102
A17: Highlands Buildout | B17: High Plains 230‑kV Interconnect | C17: Linear Assets | D17: NSP | E17: Substation | F17: 188 | G17: 46266 | H17: 46327 | J17: 47102
A18: Southwest Energy Supply | B18: Redstone Thermal Repower | C18: Fixed Assets | D18: NSP | E18: Thermal | F18: 642 | G18: 46296 | H18: 46357 | J18: 47116
A19: Circuit 9991 | B19: Silverline Substation Expansion | C19: Linear Assets | D19: PSCo | E19: Transmission and Distribution | F19: 132.30227 | I19: 46874 | J19: 47170
A20: Circuit 9991 | B20: Aurora Grid Upgrade | C20: Linear Assets | D20: PSCo | E20: Transmission and Distribution | F20: 187.68892 | G20: 46296 | H20: 46357 | J20: 47257
A21: Southwest Energy Supply | B21: Canyon Crest CHP Project | C21: Fixed Assets | D21: NSP | E21: Thermal | F21: 170 | J21: 47270
A22: Highlands Buildout | B22: Desert Bloom Solar Array | C22: Fixed Assets | D22: NSP | E22: Solar | F22: 423.42226 | G22: 46235 | H22: 46327 | J22: 47298
A23: Urban Gas Upgrades | B23: Mesa Valley Gas Reliability | C23: Linear Assets | D23: PSCo | E23: Gas | F23: 84 | G23: 46388 | H23: 46478 | J23: 47321
A24: Highlands Buildout | B24: Canyon Ridge Substation Expansion | C24: Linear Assets | D24: SPS | E24: Substation | F24: 80 | J24: 47331
A25: Urban Gas Upgrades | B25: Ironhorse Gas Reinforcement | C25: Linear Assets | D25: PSCo | E25: Gas | F25: 44 | J25: 47331
A26: Southwest Energy Supply | B26: Prairie Gale Wind Park | C26: Fixed Assets | D26: SPS | E26: Wind | F26: 612 | G26: 46249 | J26: 47331
A27: Southwest Energy Supply | B27: Sunridge Solar Farm | C27: Fixed Assets | D27: SPS | E27: Solar | F27: 447.73334 | J27: 47376
A28: Southwest Energy Supply | B28: Riverbend Intake Upgrade | C28: Fixed Assets | D28: PSCo | E28: Hydro | F28: 225.12787 | J28: 47387
A29: Urban Renewal | B29: Redstone Valley Substation Upgrade | C29: Linear Assets | D29: PSCo | E29: Substation | F29: 49 | G29: 46296 | H29: 46357 | J29: 47467
A30: Circuit 9991 | B30: Northstar Transmission Loop | C30: Linear Assets | D30: PSCo | E30: Transmission and Distribution | F30: 312.16386 | G30: 46296 | I30: 46508 | J30: 47475
A31: Southwest Energy Supply | B31: Horizon Flats Solar Expansion | C31: Fixed Assets | D31: NSP | E31: Solar | F31: 189.33303 | J31: 47483
A32: Urban Gas Upgrades | B32: Sagebrush Lateral Extension | C32: Linear Assets | D32: PSCo | E32: Gas | F32: 78.177794 | G32: 46235 | H32: 46508 | I32: 46966 | J32: 47517
A33: Urban Gas Upgrades | B33: Timberline Storage Expansion | C33: Linear Assets | D33: PSCo | E33: Gas | F33: 38.498486 | G33: 46235 | J33: 47568
A34: Highlands Buildout | B34: Pioneer Ridge Line Rebuild | C34: Linear Assets | D34: PSCo | E34: Transmission and Distribution | F34: 65.513579 | J34: 47605
A35: Urban Gas Upgrades | B35: Frontier Peak Metering Project | C35: Linear Assets | D35: PSCo | E35: Gas | F35: 148.16043 | J35: 47625
A36: Highlands Buildout | B36: Golden Mesa Solar Park | C36: Fixed Assets | D36: PSCo | E36: Solar | F36: 113.39808 | J36: 47665
A37: Southwest Energy Supply | B37: Northgate Substation Rebuild | C37: Linear Assets | D37: PSCo | E37: Substation | F37: 115 | J37: 47696
A38: Urban Gas Upgrades | B38: Redwood Compression Upgrade | C38: Linear Assets | D38: PSCo | E38: Gas | F38: 166.28369 | J38: 47983
A39: Highlands Buildout | B39: Skytrail Ridge Wind Project | C39: Fixed Assets | D39: PSCo | E39: Wind | F39: 452 | J39: 48044
A40: Urban Gas Upgrades | B40: Copper Trail Pipeline Integrity | C40: Linear Assets | D40: PSCo | E40: Gas | F40: 53.468864 | J40: 48081
A41: Southwest Energy Supply | B41: Summit Lake Hydro Expansion | C41: Fixed Assets | D41: PSCo | E41: Hydro | F41: 151.93187 | J41: 48090

Sheet Duration Table
C2: DURATION TABLE
D4: Duration (Months) by Project Archetype / Cost
C5: Project Archetype | D5: <$50M | E5: $50- $100M | F5: $100-$500M | G5: $500-$1000M | H5: $1000M+
D6: 0 | E6: 50 | F6: 100 | G6: 500 | H6: 1000
C7: Solar | D7: 18 | E7: 30 | F7: 36 | G7: 42 | H7: 48
C8: BESS | D8: 18 | E8: 30 | F8: 36 | G8: 42 | H8: 48
C9: Substation | D9: 24 | E9: 24 | F9: 30 | G9: 36 | H9: 42
C10: Transmission and Distribution | D10: 18 | E10: 30 | F10: 36 | G10: 42 | H10: 54
C11: Gas | D11: 24 | E11: 30 | F11: 36 | G11: 42 | H11: 48
C12: Wind | D12: 18 | E12: 30 | F12: 36 | G12: 42 | H12: 54
C13: Hydro | D13: 24 | E13: 24 | F13: 30 | G13: 36 | H13: 42
C14: Thermal | D14: 24 | E14: 24 | F14: 30 | G14: 36 | H14: 42
C15: Biomass | D15: 24 | E15: 24 | F15: 30 | G15: 36 | H15: 42
C16: New Archetype 1
C17: New Archetype 2

Sheet Program Resources
B2: PROGRAM RESOURCES
E4: Startup | F4: Execution | G4: Closeout
E5: =E6/24 -> 0.0041666667 | G5: =G6/24 -> 0.0041666667
D6: % of Program Duration: | E6: 0.1 | F6: 0.8 | G6: 0.1
B7: Resource Title | C7: Team | D7: Resource Type | E7: Startup | F7: Execution | G7: Closeout
B8: Program Director | C8: Program | D8: Program Management | E8: 1 | F8: 0.75 | G8: 0.5
B9: Program Operations Lead | C9: Program | D9: Program Management | E9: 0 | F9: 0 | G9: 0
B10: Initiation Lead | C10: Program | D10: Program Management | E10: 1 | F10: 0 | G10: 0
B11: CM Manager | C11: Program | D11: Program Construction Management | E11: 0.25 | F11: 0.75 | G11: 0.5
B12: CM SPS Lead | C12: SPS | D12: Program Construction Management | E12: 0 | F12: 0.75 | G12: 0.5
B13: CM NSP Lead | C13: NSP | D13: Program Construction Management | E13: 0 | F13: 0.75 | G13: 0.5
B14: CM PSCo Lead | C14: PSCo | D14: Program Construction Management | E14: 0 | F14: 0.75 | G14: 0.5
B15: H&S Lead | C15: Program | D15: Program Construction Management | E15: 0.25 | F15: 0.75 | G15: 0
B16: Engineering Manager | C16: Program | D16: Program Engineering | E16: 0.25 | F16: 0.75 | G16: 0.5
B17: SPS Engr Lead | C17: SPS | D17: Program Engineering | E17: 0 | F17: 0 | G17: 0
B18: NSP Engr Lead | C18: NSP | D18: Program Engineering | E18: 0 | F18: 0 | G18: 0
B19: PSCO Engr Lead | C19: PSCo | D19: Program Engineering | E19: 0 | F19: 0 | G19: 0
... B32: Finance Lead | C32: Program | D32: Program Management | E32: 0 | F32: 0 | G32: 0

Sheet Transmission and Distribution
B2: PROJECT ARCHETYPE: | C2: Transmission and Distribution
B4: Resource Name | C4: Project Archetype | D4: Resource Category | E4: Planning | K4: Design & Engineering | Q4: Construction | AC4: Closeout
B5: Column1 | C5: Column2 | D5: Column3 | E5: 1 | F5: 2 | G5: 3 | H5: 4 | I5: 5 | J5: 6 | K5: 7 | L5: 8 | M5: 9 | N5: 10 | O5: 11 | P5: 12 | Q5: 13 | R5: 14 | S5: 15 | T5: 16 | U5: 17 | V5: 18 | W5: 19 | X5: 20 | Y5: 21 | Z5: 22 | AA5: 23 | AB5: 24 | AC5: 25 | AD5: 26 | AE5: 27
B6: Project Manager | C6: =$C$2 -> Transmission and Distribution | D6: Project Management | E6: 0.25 | F6: 0.25 | G6: 0.25 | H6: 0.45 | I6: 0.45 | J6: 0.45 | K6: 0.65 | L6: 0.65 | M6: 0.65 | N6: 0.85 | O6: 0.85 | P6: 0.85 | Q6: 0.85 | R6: 0.85 | S6: 0.85 | T6: 0.85 | U6: 0.85 | V6: 0.85 | W6: 0.85 | X6: 0.85 | Y6: 0.85 | Z6: 0.85 | AA6: 0.85 | AB6: 0.85 | AC6: 0.5 | AD6: 0.4 | AE6: 0.25
B7: Project Engineer | C7: =$C$2 -> Transmission and Distribution | D7: Project Management | E7: 0.05 | F7: 0.05 | G7: 0.05 | H7: 0.05 | I7: 0.05 | J7: 0.05 | K7: 0.05 | L7: 0.05 | M7: 0.05 | N7: 0.05 | O7: 0.05 | P7: 0.05 | Q7: 0.05 | R7: 0.05 | S7: 0.05 | T7: 0.05 | U7: 0.05 | V7: 0.05 | W7: 0.05 | X7: 0.05 | Y7: 0.05 | Z7: 0.05 | AA7: 0.05 | AB7: 0.05 | AC7: 0.05 | AD7: 0.05 | AE7: 0.05
B8: Project Coordinator | C8: =$C$2 -> Transmission and Distribution | D8: Project Management | E8: 0.05 | F8: 0.05 | G8: 0.1 | H8: 0.1 | I8: 0.15 | J8: 0.15 | K8: 0.25 | L8: 0.25 | M8: 0.25 | N8: 0.25 | O8: 0.25 | P8: 0.25 | Q8: 0.25 | R8: 0.25 | S8: 0.25 | T8: 0.25 | U8: 0.25 | V8: 0.25 | W8: 0.25 | X8: 0.25 | Y8: 0.25 | Z8: 0.25 | AA8: 0.25 | AB8: 0.25 | AC8: 0.25 | AD8: 0.25 | AE8: 0.25
B9: Overhead OE Transmission Line Engineer | C9: =$C$2 -> Transmission and Distribution | D9: Engineering | E9: 0.05 | F9: 0.05 | G9: 0.05 | H9: 0.05 | I9: 0.05 | J9: 0.05 | K9: 0.1 | L9: 0.1 | M9: 0.1 | N9: 0.1 | O9: 0.1 | P9: 0.1 | Q9: 0.1 | R9: 0.1 | S9: 0.1 | T9: 0.1 | U9: 0.1 | V9: 0.1 | W9: 0.1 | X9: 0.1 | Y9: 0.1 | Z9: 0.1 | AA9: 0.1 | AB9: 0.1 | AC9: 0.05 | AD9: 0.05 | AE9: 0
B10: Underground OE Transmission Line Engineer | C10: =$C$2 -> Transmission and Distribution | D10: Engineering | E10: 0.05 | F10: 0.05 | G10: 0.05 | H10: 0.05 | I10: 0.05 | J10: 0.05 | K10: 0.1 | L10: 0.1 | M10: 0.1 | N10: 0.1 | O10: 0.1 | P10: 0.1 | Q10: 0.1 | R10: 0.1 | S10: 0.1 | T10: 0.1 | U10: 0.1 | V10: 0.1 | W10: 0.1 | X10: 0.1 | Y10: 0.1 | Z10: 0.1 | AA10: 0.1 | AB10: 0.1 | AC10: 0.05 | AD10: 0.05 | AE10: 0
B11: Mechanical Engineer | C11: =$C$2 -> Transmission and Distribution | D11: Engineering | E11: 0.05 | F11: 0.05 | G11: 0.05 | H11: 0.05 | I11: 0.05 | J11: 0.05 | K11: 0.1 | L11: 0.1 | M11: 0.1 | N11: 0.1 | O11: 0.1 | P11: 0.1 | Q11: 0.1 | R11: 0.1 | S11: 0.1 | T11: 0.1 | U11: 0.1 | V11: 0.1 | W11: 0.1 | X11: 0.1 | Y11: 0.1 | Z11: 0.1 | AA11: 0.1 | AB11: 0.1 | AC11: 0.05 | AD11: 0.05 | AE11: 0
B12: Construction Manager | C12: =$C$2 -> Transmission and Distribution | D12: Construction Monitoring | E12: 0 | F12: 0 | G12: 0 | H12: 0.25 | I12: 0.25 | J12: 0.25 | K12: 0.5 | L12: 0.5 | M12: 0.5 | N12: 0.75 | O12: 0.75 | P12: 0.75 | Q12: 0.75 | R12: 0.75 | S12: 0.75 | T12: 0.75 | U12: 0.75 | V12: 0.75 | W12: 0.75 | X12: 0.75 | Y12: 0.75 | Z12: 0.75 | AA12: 0.75 | AB12: 0.75 | AC12: 0.5 | AD12: 0.4 | AE12: 0.25
B13: H&S Field | C13: =$C$2 -> Transmission and Distribution | D13: Construction Monitoring | E13: 0 | F13: 0 | G13: 0 | H13: 0 | I13: 0 | J13: 0 | K13: 0 | L13: 0 | M13: 0 | N13: 0 | O13: 0 | P13: 0 | Q13: 0.5 | R13: 0.5 | S13: 0.5 | T13: 0.5 | U13: 0.5 | V13: 0.5 | W13: 0.5 | X13: 0.5 | Y13: 0.5 | Z13: 0.5 | AA13: 0.5 | AB13: 0.5 | AC13: 0.25 | AD13: 0.15 | AE13: 0
B14: Estimator | C14: =$C$2 -> Transmission and Distribution | D14: Project Controls | E14: 0.1 | F14: 0.1 | G14: 0.1 | H14: 0.1 | I14: 0.1 | J14: 0.1 | K14: 0.15 | L14: 0.15 | M14: 0.15 | N14: 0.15 | O14: 0.15 | P14: 0.15 | Q14: 0.1 | R14: 0.1 | S14: 0.1 | T14: 0.1 | U14: 0.1 | V14: 0.1 | W14: 0.1 | X14: 0.1 | Y14: 0.1 | Z14: 0.1 | AA14: 0.1 | AB14: 0.1 | AC14: 0.05 | AD14: 0.05 | AE14: 0.05
B15: Risk Analyst | C15: =$C$2 -> Transmission and Distribution | D15: Project Controls | E15: 0.1 | F15: 0.1 | G15: 0.1 | H15: 0.1 | I15: 0.1 | J15: 0.1 | K15: 0.1 | L15: 0.1 | M15: 0.1 | N15: 0.1 | O15: 0.1 | P15: 0.1 | Q15: 0.1 | R15: 0.1 | S15: 0.1 | T15: 0.1 | U15: 0.1 | V15: 0.1 | W15: 0.1 | X15: 0.1 | Y15: 0.1 | Z15: 0.1 | AA15: 0.1 | AB15: 0.1 | AC15: 0.05 | AD15: 0.05 | AE15: 0.05
B16: Document Control Specialist | C16: =$C$2 -> Transmission and Distribution | D16: Project Controls | E16: 0.1 | F16: 0.1 | G16: 0.1 | H16: 0.1 | I16: 0.1 | J16: 0.1 | K16: 0.1 | L16: 0.1 | M16: 0.1 | N16: 0.1 | O16: 0.1 | P16: 0.1 | Q16: 0.2 | R16: 0.2 | S16: 0.2 | T16: 0.2 | U16: 0.2 | V16: 0.2 | W16: 0.2 | X16: 0.2 | Y16: 0.2 | Z16: 0.2 | AA16: 0.2 | AB16: 0.2 | AC16: 0.25 | AD16: 0.25 | AE16: 0.25
B17: Scheduler | C17: =$C$2 -> Transmission and Distribution | D17: Project Controls | E17: 0.2 | F17: 0.2 | G17: 0.2 | H17: 0.2 | I17: 0.2 | J17: 0.2 | K17: 0.2 | L17: 0.2 | M17: 0.2 | N17: 0.2 | O17: 0.2 | P17: 0.2 | Q17: 0.2 | R17: 0.2 | S17: 0.2 | T17: 0.2 | U17: 0.2 | V17: 0.2 | W17: 0.2 | X17: 0.2 | Y17: 0.2 | Z17: 0.2 | AA17: 0.2 | AB17: 0.2 | AC17: 0.05 | AD17: 0.05 | AE17: 0.05
B18: Cost Controls | C18: =$C$2 -> Transmission and Distribution | D18: Project Controls | E18: 0.2 | F18: 0.2 | G18: 0.2 | H18: 0.2 | I18: 0.2 | J18: 0.2 | K18: 0.45 | L18: 0.45 | M18: 0.45 | N18: 0.45 | O18: 0.45 | P18: 0.45 | Q18: 0.45 | R18: 0.45 | S18: 0.45 | T18: 0.45 | U18: 0.45 | V18: 0.45 | W18: 0.45 | X18: 0.45 | Y18: 0.45 | Z18: 0.45 | AA18: 0.45 | AB18: 0.45 | AC18: 0.15 | AD18: 0.15 | AE18: 0.15

Sheet Substation
B2: PROJECT ARCHETYPE: | C2: Substation
B4: Resource Name | C4: Project Archetype | D4: Resource Category | E4: Planning | K4: Design & Engineering | Q4: Construction | AC4: Closeout
B5: Column1 | C5: Column2 | D5: Column3 | E5: 1 | F5: 2 | G5: 3 | H5: 4 | I5: 5 | J5: 6 | K5: 7 | L5: 8 | M5: 9 | N5: 10 | O5: 11 | P5: 12 | Q5: 13 | R5: 14 | S5: 15 | T5: 16 | U5: 17 | V5: 18 | W5: 19 | X5: 20 | Y5: 21 | Z5: 22 | AA5: 23 | AB5: 24 | AC5: 25 | AD5: 26 | AE5: 27
B6: Project Manager | C6: =$C$2 -> Substation | D6: Project Management | E6: 0.25 | F6: 0.25 | G6: 0.25 | H6: 0.45 | I6: 0.45 | J6: 0.45 | K6: 0.65 | L6: 0.65 | M6: 0.65 | N6: 0.85 | O6: 0.85 | P6: 0.85 | Q6: 0.85 | R6: 0.85 | S6: 0.85 | T6: 0.85 | U6: 0.85 | V6: 0.85 | W6: 0.85 | X6: 0.85 | Y6: 0.85 | Z6: 0.85 | AA6: 0.85 | AB6: 0.85 | AC6: 0.5 | AD6: 0.4 | AE6: 0.25
B7: Project Engineer | C7: =$C$2 -> Substation | D7: Project Management | E7: 0.05 | F7: 0.05 | G7: 0.05 | H7: 0.05 | I7: 0.05 | J7: 0.05 | K7: 0.05 | L7: 0.05 | M7: 0.05 | N7: 0.05 | O7: 0.05 | P7: 0.05 | Q7: 0.05 | R7: 0.05 | S7: 0.05 | T7: 0.05 | U7: 0.05 | V7: 0.05 | W7: 0.05 | X7: 0.05 | Y7: 0.05 | Z7: 0.05 | AA7: 0.05 | AB7: 0.05 | AC7: 0.05 | AD7: 0.05 | AE7: 0.05
B8: Project Coordinator | C8: =$C$2 -> Substation | D8: Project Management | E8: 0.05 | F8: 0.05 | G8: 0.1 | H8: 0.1 | I8: 0.15 | J8: 0.15 | K8: 0.25 | L8: 0.25 | M8: 0.25 | N8: 0.25 | O8: 0.25 | P8: 0.25 | Q8: 0.25 | R8: 0.25 | S8: 0.25 | T8: 0.25 | U8: 0.25 | V8: 0.25 | W8: 0.25 | X8: 0.25 | Y8: 0.25 | Z8: 0.25 | AA8: 0.25 | AB8: 0.25 | AC8: 0.25 | AD8: 0.25 | AE8: 0.25
B9: Civil Engineer | C9: =$C$2 -> Substation | D9: Engineering | E9: 0.05 | F9: 0.05 | G9: 0.05 | H9: 0.05 | I9: 0.05 | J9: 0.05 | K9: 0.1 | L9: 0.1 | M9: 0.1 | N9: 0.1 | O9: 0.1 | P9: 0.1 | Q9: 0.1 | R9: 0.1 | S9: 0.1 | T9: 0.1 | U9: 0.1 | V9: 0.1 | W9: 0.1 | X9: 0.1 | Y9: 0.1 | Z9: 0.1 | AA9: 0.1 | AB9: 0.1 | AC9: 0.05 | AD9: 0.05 | AE9: 0
B10: OE Substation Grading Engineer | C10: =$C$2 -> Substation | D10: Engineering | E10: 0.05 | F10: 0.05 | G10: 0.05 | H10: 0.05 | I10: 0.05 | J10: 0.05 | K10: 0.1 | L10: 0.1 | M10: 0.1 | N10: 0.1 | O10: 0.1 | P10: 0.1 | Q10: 0.1 | R10: 0.1 | S10: 0.1 | T10: 0.1 | U10: 0.1 | V10: 0.1 | W10: 0.1 | X10: 0.1 | Y10: 0.1 | Z10: 0.1 | AA10: 0.1 | AB10: 0.1 | AC10: 0.05 | AD10: 0.05 | AE10: 0
B11: P&C System Protection & Settings Engineer | C11: =$C$2 -> Substation | D11: Engineering | E11: 0.05 | F11: 0.05 | G11: 0.05 | H11: 0.05 | I11: 0.05 | J11: 0.05 | K11: 0.1 | L11: 0.1 | M11: 0.1 | N11: 0.1 | O11: 0.1 | P11: 0.1 | Q11: 0.1 | R11: 0.1 | S11: 0.1 | T11: 0.1 | U11: 0.1 | V11: 0.1 | W11: 0.1 | X11: 0.1 | Y11: 0.1 | Z11: 0.1 | AA11: 0.1 | AB11: 0.1 | AC11: 0.05 | AD11: 0.05 | AE11: 0
B12: P&C Automation & Integration Engineer | C12: =$C$2 -> Substation | D12: Engineering | E12: 0.05 | F12: 0.05 | G12: 0.05 | H12: 0.05 | I12: 0.05 | J12: 0.05 | K12: 0.1 | L12: 0.1 | M12: 0.1 | N12: 0.1 | O12: 0.1 | P12: 0.1 | Q12: 0.1 | R12: 0.1 | S12: 0.1 | T12: 0.1 | U12: 0.1 | V12: 0.1 | W12: 0.1 | X12: 0.1 | Y12: 0.1 | Z12: 0.1 | AA12: 0.1 | AB12: 0.1 | AC12: 0.05 | AD12: 0.05 | AE12: 0
B13: OE Substation Structural Engineer | C13: =$C$2 -> Substation | D13: Engineering | E13: 0.05 | F13: 0.05 | G13: 0.05 | H13: 0.05 | I13: 0.05 | J13: 0.05 | K13: 0.1 | L13: 0.1 | M13: 0.1 | N13: 0.1 | O13: 0.1 | P13: 0.1 | Q13: 0.1 | R13: 0.1 | S13: 0.1 | T13: 0.1 | U13: 0.1 | V13: 0.1 | W13: 0.1 | X13: 0.1 | Y13: 0.1 | Z13: 0.1 | AA13: 0.1 | AB13: 0.1 | AC13: 0.05 | AD13: 0.05 | AE13: 0
B14: Substation Physical Engineer | C14: =$C$2 -> Substation | D14: Engineering | E14: 0.05 | F14: 0.05 | G14: 0.05 | H14: 0.05 | I14: 0.05 | J14: 0.05 | K14: 0.1 | L14: 0.1 | M14: 0.1 | N14: 0.1 | O14: 0.1 | P14: 0.1 | Q14: 0.1 | R14: 0.1 | S14: 0.1 | T14: 0.1 | U14: 0.1 | V14: 0.1 | W14: 0.1 | X14: 0.1 | Y14: 0.1 | Z14: 0.1 | AA14: 0.1 | AB14: 0.1 | AC14: 0.05 | AD14: 0.05 | AE14: 0
B15: Mechanical Engineer | C15: =$C$2 -> Substation | D15: Engineering | E15: 0.05 | F15: 0.05 | G15: 0.05 | H15: 0.05 | I15: 0.05 | J15: 0.05 | K15: 0.1 | L15: 0.1 | M15: 0.1 | N15: 0.1 | O15: 0.1 | P15: 0.1 | Q15: 0.1 | R15: 0.1 | S15: 0.1 | T15: 0.1 | U15: 0.1 | V15: 0.1 | W15: 0.1 | X15: 0.1 | Y15: 0.1 | Z15: 0.1 | AA15: 0.1 | AB15: 0.1 | AC15: 0.05 | AD15: 0.05 | AE15: 0
B16: Substation P&C Detailed Engineer | C16: =$C$2 -> Substation | D16: Engineering | E16: 0.05 | F16: 0.05 | G16: 0.05 | H16: 0.05 | I16: 0.05 | J16: 0.05 | K16: 0.1 | L16: 0.1 | M16: 0.1 | N16: 0.1 | O16: 0.1 | P16: 0.1 | Q16: 0.1 | R16: 0.1 | S16: 0.1 | T16: 0.1 | U16: 0.1 | V16: 0.1 | W16: 0.1 | X16: 0.1 | Y16: 0.1 | Z16: 0.1 | AA16: 0.1 | AB16: 0.1 | AC16: 0.05 | AD16: 0.05 | AE16: 0
B17: Construction Manager | C17: =$C$2 -> Substation | D17: Construction Monitoring | E17: 0 | F17: 0 | G17: 0 | H17: 0.25 | I17: 0.25 | J17: 0.25 | K17: 0.5 | L17: 0.5 | M17: 0.5 | N17: 0.75 | O17: 0.75 | P17: 0.75 | Q17: 0.75 | R17: 0.75 | S17: 0.75 | T17: 0.75 | U17: 0.75 | V17: 0.75 | W17: 0.75 | X17: 0.75 | Y17: 0.75 | Z17: 0.75 | AA17: 0.75 | AB17: 0.75 | AC17: 0.5 | AD17: 0.4 | AE17: 0.25
... B23: Cost Controls | C23: =$C$2 -> Substation | D23: Project Controls | E23: 0.2 | F23: 0.2 | G23: 0.2 | H23: 0.2 | I23: 0.2 | J23: 0.2 | K23: 0.45 | L23: 0.45 | M23: 0.45 | N23: 0.45 | O23: 0.45 | P23: 0.45 | Q23: 0.45 | R23: 0.45 | S23: 0.45 | T23: 0.45 | U23: 0.45 | V23: 0.45 | W23: 0.45 | X23: 0.45 | Y23: 0.45 | Z23: 0.45 | AA23: 0.45 | AB23: 0.45 | AC23: 0.15 | AD23: 0.15 | AE23: 0.15

Sheet Thermal
B2: PROJECT ARCHETYPE: | C2: Thermal
B4: Resource Name | C4: Project Archetype | D4: Resource Category | E4: Planning | K4: Design & Engineering | Q4: Construction | AC4: Closeout
B5: Column1 | C5: Column2 | D5: Column3 | E5: 1 | F5: 2 | G5: 3 | H5: 4 | I5: 5 | J5: 6 | K5: 7 | L5: 8 | M5: 9 | N5: 10 | O5: 11 | P5: 12 | Q5: 13 | R5: 14 | S5: 15 | T5: 16 | U5: 17 | V5: 18 | W5: 19 | X5: 20 | Y5: 21 | Z5: 22 | AA5: 23 | AB5: 24 | AC5: 25 | AD5: 26 | AE5: 27
B6: Project Manager | C6: =$C$2 -> Thermal | D6: Project Management | E6: 0.25 | F6: 0.25 | G6: 0.25 | H6: 0.45 | I6: 0.45 | J6: 0.45 | K6: 0.65 | L6: 0.65 | M6: 0.65 | N6: 0.85 | O6: 0.85 | P6: 0.85 | Q6: 0.85 | R6: 0.85 | S6: 0.85 | T6: 0.85 | U6: 0.85 | V6: 0.85 | W6: 0.85 | X6: 0.85 | Y6: 0.85 | Z6: 0.85 | AA6: 0.85 | AB6: 0.85 | AC6: 0.5 | AD6: 0.4 | AE6: 0.25
B7: Project Engineer | C7: =$C$2 -> Thermal | D7: Project Management | E7: 0.05 | F7: 0.05 | G7: 0.05 | H7: 0.05 | I7: 0.05 | J7: 0.05 | K7: 0.05 | L7: 0.05 | M7: 0.05 | N7: 0.05 | O7: 0.05 | P7: 0.05 | Q7: 0.05 | R7: 0.05 | S7: 0.05 | T7: 0.05 | U7: 0.05 | V7: 0.05 | W7: 0.05 | X7: 0.05 | Y7: 0.05 | Z7: 0.05 | AA7: 0.05 | AB7: 0.05 | AC7: 0.05 | AD7: 0.05 | AE7: 0.05
B8: Project Coordinator | C8: =$C$2 -> Thermal | D8: Project Management | E8: 0.05 | F8: 0.05 | G8: 0.1 | H8: 0.1 | I8: 0.15 | J8: 0.15 | K8: 0.25 | L8: 0.25 | M8: 0.25 | N8: 0.25 | O8: 0.25 | P8: 0.25 | Q8: 0.25 | R8: 0.25 | S8: 0.25 | T8: 0.25 | U8: 0.25 | V8: 0.25 | W8: 0.25 | X8: 0.25 | Y8: 0.25 | Z8: 0.25 | AA8: 0.25 | AB8: 0.25 | AC8: 0.25 | AD8: 0.25 | AE8: 0.25
B9: Civil Engineer | C9: =$C$2 -> Thermal | D9: Engineering | E9: 0.05 | F9: 0.05 | G9: 0.05 | H9: 0.05 | I9: 0.05 | J9: 0.05 | K9: 0.1 | L9: 0.1 | M9: 0.1 | N9: 0.1 | O9: 0.1 | P9: 0.1 | Q9: 0.1 | R9: 0.1 | S9: 0.1 | T9: 0.1 | U9: 0.1 | V9: 0.1 | W9: 0.1 | X9: 0.1 | Y9: 0.1 | Z9: 0.1 | AA9: 0.1 | AB9: 0.1 | AC9: 0.05 | AD9: 0.05 | AE9: 0
B10: I&C Engineer | C10: =$C$2 -> Thermal | D10: Engineering | E10: 0.05 | F10: 0.05 | G10: 0.05 | H10: 0.05 | I10: 0.05 | J10: 0.05 | K10: 0.1 | L10: 0.1 | M10: 0.1 | N10: 0.1 | O10: 0.1 | P10: 0.1 | Q10: 0.1 | R10: 0.1 | S10: 0.1 | T10: 0.1 | U10: 0.1 | V10: 0.1 | W10: 0.1 | X10: 0.1 | Y10: 0.1 | Z10: 0.1 | AA10: 0.1 | AB10: 0.1 | AC10: 0.05 | AD10: 0.05 | AE10: 0
B11: Electrical Engineer | C11: =$C$2 -> Thermal | D11: Engineering | E11: 0.05 | F11: 0.05 | G11: 0.05 | H11: 0.05 | I11: 0.05 | J11: 0.05 | K11: 0.1 | L11: 0.1 | M11: 0.1 | N11: 0.1 | O11: 0.1 | P11: 0.1 | Q11: 0.1 | R11: 0.1 | S11: 0.1 | T11: 0.1 | U11: 0.1 | V11: 0.1 | W11: 0.1 | X11: 0.1 | Y11: 0.1 | Z11: 0.1 | AA11: 0.1 | AB11: 0.1 | AC11: 0.05 | AD11: 0.05 | AE11: 0
B12: Mechanical Engineer | C12: =$C$2 -> Thermal | D12: Engineering | E12: 0.05 | F12: 0.05 | G12: 0.05 | H12: 0.05 | I12: 0.05 | J12: 0.05 | K12: 0.1 | L12: 0.1 | M12: 0.1 | N12: 0.1 | O12: 0.1 | P12: 0.1 | Q12: 0.1 | R12: 0.1 | S12: 0.1 | T12: 0.1 | U12: 0.1 | V12: 0.1 | W12: 0.1 | X12: 0.1 | Y12: 0.1 | Z12: 0.1 | AA12: 0.1 | AB12: 0.1 | AC12: 0.05 | AD12: 0.05 | AE12: 0
B13: Structural Engineer | C13: =$C$2 -> Thermal | D13: Engineering | E13: 0.05 | F13: 0.05 | G13: 0.05 | H13: 0.05 | I13: 0.05 | J13: 0.05 | K13: 0.1 | L13: 0.1 | M13: 0.1 | N13: 0.1 | O13: 0.1 | P13: 0.1 | Q13: 0.1 | R13: 0.1 | S13: 0.1 | T13: 0.1 | U13: 0.1 | V13: 0.1 | W13: 0.1 | X13: 0.1 | Y13: 0.1 | Z13: 0.1 | AA13: 0.1 | AB13: 0.1 | AC13: 0.05 | AD13: 0.05 | AE13: 0
B14: Construction Manager | C14: =$C$2 -> Thermal | D14: Construction Monitoring | E14: 0 | F14: 0 | G14: 0 | H14: 0.25 | I14: 0.25 | J14: 0.25 | K14: 0.5 | L14: 0.5 | M14: 0.5 | N14: 0.75 | O14: 0.75 | P14: 0.75 | Q14: 0.75 | R14: 0.75 | S14: 0.75 | T14: 0.75 | U14: 0.75 | V14: 0.75 | W14: 0.75 | X14: 0.75 | Y14: 0.75 | Z14: 0.75 | AA14: 0.75 | AB14: 0.75 | AC14: 0.5 | AD14: 0.4 | AE14: 0.25
B15: H&S Field | C15: =$C$2 -> Thermal | D15: Construction Monitoring | E15: 0 | F15: 0 | G15: 0 | H15: 0 | I15: 0 | J15: 0 | K15: 0 | L15: 0 | M15: 0 | N15: 0 | O15: 0 | P15: 0 | Q15: 0.5 | R15: 0.5 | S15: 0.5 | T15: 0.5 | U15: 0.5 | V15: 0.5 | W15: 0.5 | X15: 0.5 | Y15: 0.5 | Z15: 0.5 | AA15: 0.5 | AB15: 0.5 | AC15: 0.25 | AD15: 0.15 | AE15: 0
B16: Estimator | C16: =$C$2 -> Thermal | D16: Project Controls | E16: 0.1 | F16: 0.1 | G16: 0.1 | H16: 0.1 | I16: 0.1 | J16: 0.1 | K16: 0.1 | L16: 0.1 | M16: 0.1 | N16: 0.1 | O16: 0.1 | P16: 0.1 | Q16: 0.1 | R16: 0.1 | S16: 0.1 | T16: 0.1 | U16: 0.1 | V16: 0.1 | W16: 0.1 | X16: 0.1 | Y16: 0.1 | Z16: 0.1 | AA16: 0.1 | AB16: 0.1 | AC16: 0.1 | AD16: 0.1 | AE16: 0.1
B17: Risk Analyst | C17: =$C$2 -> Thermal | D17: Project Controls | E17: 0.05 | F17: 0.05 | G17: 0.05 | H17: 0.05 | I17: 0.05 | J17: 0.05 | K17: 0.05 | L17: 0.05 | M17: 0.05 | N17: 0.05 | O17: 0.05 | P17: 0.05 | Q17: 0.05 | R17: 0.05 | S17: 0.05 | T17: 0.05 | U17: 0.05 | V17: 0.05 | W17: 0.05 | X17: 0.05 | Y17: 0.05 | Z17: 0.05 | AA17: 0.05 | AB17: 0.05 | AC17: 0.05 | AD17: 0 | AE17: 0
... B20: Cost Controls | C20: =$C$2 -> Thermal | D20: Project Controls | E20: 0.1 | F20: 0.1 | G20: 0.1 | H20: 0.1 | I20: 0.1 | J20: 0.1 | K20: 0.1 | L20: 0.1 | M20: 0.1 | N20: 0.1 | O20: 0.1 | P20: 0.1 | Q20: 0.1 | R20: 0.1 | S20: 0.1 | T20: 0.1 | U20: 0.1 | V20: 0.1 | W20: 0.1 | X20: 0.1 | Y20: 0.1 | Z20: 0.1 | AA20: 0.1 | AB20: 0.1 | AC20: 0.1 | AD20: 0.1 | AE20: 0.1

Sheet Gas
B2: PROJECT ARCHETYPE: | C2: Gas
B4: Resource Name | C4: Project Archetype | D4: Resource Category | E4: Planning | K4: Design & Engineering | Q4: Construction | AC4: Closeout
B5: Column1 | C5: Column2 | D5: Column3 | E5: 1 | F5: 2 | G5: 3 | H5: 4 | I5: 5 | J5: 6 | K5: 7 | L5: 8 | M5: 9 | N5: 10 | O5: 11 | P5: 12 | Q5: 13 | R5: 14 | S5: 15 | T5: 16 | U5: 17 | V5: 18 | W5: 19 | X5: 20 | Y5: 21 | Z5: 22 | AA5: 23 | AB5: 24 | AC5: 25 | AD5: 26 | AE5: 27
B6: Project Manager | C6: =$C$2 -> Gas | D6: Project Management | E6: 0.25 | F6: 0.25 | G6: 0.25 | H6: 0.45 | I6: 0.45 | J6: 0.45 | K6: 0.65 | L6: 0.65 | M6: 0.65 | N6: 0.85 | O6: 0.85 | P6: 0.85 | Q6: 0.85 | R6: 0.85 | S6: 0.85 | T6: 0.85 | U6: 0.85 | V6: 0.85 | W6: 0.85 | X6: 0.85 | Y6: 0.85 | Z6: 0.85 | AA6: 0.85 | AB6: 0.85 | AC6: 0.5 | AD6: 0.4 | AE6: 0.25
B7: Project Engineer | C7: =$C$2 -> Gas | D7: Project Management | E7: 0.05 | F7: 0.05 | G7: 0.05 | H7: 0.05 | I7: 0.05 | J7: 0.05 | K7: 0.05 | L7: 0.05 | M7: 0.05 | N7: 0.05 | O7: 0.05 | P7: 0.05 | Q7: 0.05 | R7: 0.05 | S7: 0.05 | T7: 0.05 | U7: 0.05 | V7: 0.05 | W7: 0.05 | X7: 0.05 | Y7: 0.05 | Z7: 0.05 | AA7: 0.05 | AB7: 0.05 | AC7: 0.05 | AD7: 0.05 | AE7: 0.05
B8: Project Coordinator | C8: =$C$2 -> Gas | D8: Project Management | E8: 0.05 | F8: 0.05 | G8: 0.1 | H8: 0.1 | I8: 0.15 | J8: 0.15 | K8: 0.25 | L8: 0.25 | M8: 0.25 | N8: 0.25 | O8: 0.25 | P8: 0.25 | Q8: 0.25 | R8: 0.25 | S8: 0.25 | T8: 0.25 | U8: 0.25 | V8: 0.25 | W8: 0.25 | X8: 0.25 | Y8: 0.25 | Z8: 0.25 | AA8: 0.25 | AB8: 0.25 | AC8: 0.25 | AD8: 0.25 | AE8: 0.25
B9: Civil Engineer | C9: =$C$2 -> Gas | D9: Engineering | E9: 0.05 | F9: 0.05 | G9: 0.05 | H9: 0.05 | I9: 0.05 | J9: 0.05 | K9: 0.1 | L9: 0.1 | M9: 0.1 | N9: 0.1 | O9: 0.1 | P9: 0.1 | Q9: 0.1 | R9: 0.1 | S9: 0.1 | T9: 0.1 | U9: 0.1 | V9: 0.1 | W9: 0.1 | X9: 0.1 | Y9: 0.1 | Z9: 0.1 | AA9: 0.1 | AB9: 0.1 | AC9: 0.05 | AD9: 0.05 | AE9: 0
B10: Structural Engineer | C10: =$C$2 -> Gas | D10: Engineering | E10: 0.05 | F10: 0.05 | G10: 0.05 | H10: 0.05 | I10: 0.05 | J10: 0.05 | K10: 0.1 | L10: 0.1 | M10: 0.1 | N10: 0.1 | O10: 0.1 | P10: 0.1 | Q10: 0.1 | R10: 0.1 | S10: 0.1 | T10: 0.1 | U10: 0.1 | V10: 0.1 | W10: 0.1 | X10: 0.1 | Y10: 0.1 | Z10: 0.1 | AA10: 0.1 | AB10: 0.1 | AC10: 0.05 | AD10: 0.05 | AE10: 0
B11: Mechanical Engineer | C11: =$C$2 -> Gas | D11: Engineering | E11: 0.05 | F11: 0.05 | G11: 0.05 | H11: 0.05 | I11: 0.05 | J11: 0.05 | K11: 0.1 | L11: 0.1 | M11: 0.1 | N11: 0.1 | O11: 0.1 | P11: 0.1 | Q11: 0.1 | R11: 0.1 | S11: 0.1 | T11: 0.1 | U11: 0.1 | V11: 0.1 | W11: 0.1 | X11: 0.1 | Y11: 0.1 | Z11: 0.1 | AA11: 0.1 | AB11: 0.1 | AC11: 0.05 | AD11: 0.05 | AE11: 0
B12: Construction Manager | C12: =$C$2 -> Gas | D12: Construction Monitoring | E12: 0 | F12: 0 | G12: 0 | H12: 0.25 | I12: 0.25 | J12: 0.25 | K12: 0.5 | L12: 0.5 | M12: 0.5 | N12: 0.75 | O12: 0.75 | P12: 0.75 | Q12: 0.75 | R12: 0.75 | S12: 0.75 | T12: 0.75 | U12: 0.75 | V12: 0.75 | W12: 0.75 | X12: 0.75 | Y12: 0.75 | Z12: 0.75 | AA12: 0.75 | AB12: 0.75 | AC12: 0.5 | AD12: 0.4 | AE12: 0.25
B13: H&S Field | C13: =$C$2 -> Gas | D13: Construction Monitoring | E13: 0 | F13: 0 | G13: 0 | H13: 0 | I13: 0 | J13: 0 | K13: 0 | L13: 0 | M13: 0 | N13: 0 | O13: 0 | P13: 0 | Q13: 0.5 | R13: 0.5 | S13: 0.5 | T13: 0.5 | U13: 0.5 | V13: 0.5 | W13: 0.5 | X13: 0.5 | Y13: 0.5 | Z13: 0.5 | AA13: 0.5 | AB13: 0.5 | AC13: 0.25 | AD13: 0.15 | AE13: 0
B14: Estimator | C14: =$C$2 -> Gas | D14: Project Controls | E14: 0.1 | F14: 0.1 | G14: 0.1 | H14: 0.1 | I14: 0.1 | J14: 0.1 | K14: 0.15 | L14: 0.15 | M14: 0.15 | N14: 0.15 | O14: 0.15 | P14: 0.15 | Q14: 0.1 | R14: 0.1 | S14: 0.1 | T14: 0.1 | U14: 0.1 | V14: 0.1 | W14: 0.1 | X14: 0.1 | Y14: 0.1 | Z14: 0.1 | AA14: 0.1 | AB14: 0.1 | AC14: 0.05 | AD14: 0.05 | AE14: 0.05
B15: Risk Analyst | C15: =$C$2 -> Gas | D15: Project Controls | E15: 0.1 | F15: 0.1 | G15: 0.1 | H15: 0.1 | I15: 0.1 | J15: 0.1 | K15: 0.1 | L15: 0.1 | M15: 0.1 | N15: 0.1 | O15: 0.1 | P15: 0.1 | Q15: 0.1 | R15: 0.1 | S15: 0.1 | T15: 0.1 | U15: 0.1 | V15: 0.1 | W15: 0.1 | X15: 0.1 | Y15: 0.1 | Z15: 0.1 | AA15: 0.1 | AB15: 0.1 | AC15: 0.05 | AD15: 0.05 | AE15: 0.05
B16: Document Control Specialist | C16: =$C$2 -> Gas | D16: Project Controls | E16: 0.1 | F16: 0.1 | G16: 0.1 | H16: 0.1 | I16: 0.1 | J16: 0.1 | K16: 0.1 | L16: 0.1 | M16: 0.1 | N16: 0.1 | O16: 0.1 | P16: 0.1 | Q16: 0.2 | R16: 0.2 | S16: 0.2 | T16: 0.2 | U16: 0.2 | V16: 0.2 | W16: 0.2 | X16: 0.2 | Y16: 0.2 | Z16: 0.2 | AA16: 0.2 | AB16: 0.2 | AC16: 0.25 | AD16: 0.25 | AE16: 0.25
B17: Scheduler | C17: =$C$2 -> Gas | D17: Project Controls | E17: 0.2 | F17: 0.2 | G17: 0.2 | H17: 0.2 | I17: 0.2 | J17: 0.2 | K17: 0.2 | L17: 0.2 | M17: 0.2 | N17: 0.2 | O17: 0.2 | P17: 0.2 | Q17: 0.2 | R17: 0.2 | S17: 0.2 | T17: 0.2 | U17: 0.2 | V17: 0.2 | W17: 0.2 | X17: 0.2 | Y17: 0.2 | Z17: 0.2 | AA17: 0.2 | AB17: 0.2 | AC17: 0.05 | AD17: 0.05 | AE17: 0.05
B18: Cost Controls | C18: =$C$2 -> Gas | D18: Project Controls | E18: 0.2 | F18: 0.2 | G18: 0.2 | H18: 0.2 | I18: 0.2 | J18: 0.2 | K18: 0.45 | L18: 0.45 | M18: 0.45 | N18: 0.45 | O18: 0.45 | P18: 0.45 | Q18: 0.45 | R18: 0.45 | S18: 0.45 | T18: 0.45 | U18: 0.45 | V18: 0.45 | W18: 0.45 | X18: 0.45 | Y18: 0.45 | Z18: 0.45 | AA18: 0.45 | AB18: 0.45 | AC18: 0.15 | AD18: 0.15 | AE18: 0.15

Sheet Wind
B2: PROJECT ARCHETYPE: | C2: Wind
B4: Resource Name | C4: Project Archetype | D4: Resource Category | E4: Planning | K4: Design & Engineering | Q4: Construction | AC4: Closeout
B5: Column1 | C5: Column2 | D5: Column3 | E5: 1 | F5: 2 | G5: 3 | H5: 4 | I5: 5 | J5: 6 | K5: 7 | L5: 8 | M5: 9 | N5: 10 | O5: 11 | P5: 12 | Q5: 13 | R5: 14 | S5: 15 | T5: 16 | U5: 17 | V5: 18 | W5: 19 | X5: 20 | Y5: 21 | Z5: 22 | AA5: 23 | AB5: 24 | AC5: 25 | AD5: 26 | AE5: 27
B6: Project Manager | C6: =$C$2 -> Wind | D6: Project Management | E6: 0.25 | F6: 0.25 | G6: 0.25 | H6: 0.45 | I6: 0.45 | J6: 0.45 | K6: 0.65 | L6: 0.65 | M6: 0.65 | N6: 0.85 | O6: 0.85 | P6: 0.85 | Q6: 0.85 | R6: 0.85 | S6: 0.85 | T6: 0.85 | U6: 0.85 | V6: 0.85 | W6: 0.85 | X6: 0.85 | Y6: 0.85 | Z6: 0.85 | AA6: 0.85 | AB6: 0.85 | AC6: 0.5 | AD6: 0.4 | AE6: 0.25
B7: Project Engineer | C7: =$C$2 -> Wind | D7: Project Management | E7: 0.05 | F7: 0.05 | G7: 0.05 | H7: 0.05 | I7: 0.05 | J7: 0.05 | K7: 0.05 | L7: 0.05 | M7: 0.05 | N7: 0.05 | O7: 0.05 | P7: 0.05 | Q7: 0.05 | R7: 0.05 | S7: 0.05 | T7: 0.05 | U7: 0.05 | V7: 0.05 | W7: 0.05 | X7: 0.05 | Y7: 0.05 | Z7: 0.05 | AA7: 0.05 | AB7: 0.05 | AC7: 0.05 | AD7: 0.05 | AE7: 0.05
B8: Project Coordinator | C8: =$C$2 -> Wind | D8: Project Management | E8: 0.05 | F8: 0.05 | G8: 0.1 | H8: 0.1 | I8: 0.15 | J8: 0.15 | K8: 0.25 | L8: 0.25 | M8: 0.25 | N8: 0.25 | O8: 0.25 | P8: 0.25 | Q8: 0.25 | R8: 0.25 | S8: 0.25 | T8: 0.25 | U8: 0.25 | V8: 0.25 | W8: 0.25 | X8: 0.25 | Y8: 0.25 | Z8: 0.25 | AA8: 0.25 | AB8: 0.25 | AC8: 0.25 | AD8: 0.25 | AE8: 0.25
B9: Civil Engineer | C9: =$C$2 -> Wind | D9: Engineering | E9: 0.05 | F9: 0.05 | G9: 0.05 | H9: 0.05 | I9: 0.05 | J9: 0.05 | K9: 0.1 | L9: 0.1 | M9: 0.1 | N9: 0.1 | O9: 0.1 | P9: 0.1 | Q9: 0.1 | R9: 0.1 | S9: 0.1 | T9: 0.1 | U9: 0.1 | V9: 0.1 | W9: 0.1 | X9: 0.1 | Y9: 0.1 | Z9: 0.1 | AA9: 0.1 | AB9: 0.1 | AC9: 0.05 | AD9: 0.05 | AE9: 0
B10: I&C Engineer | C10: =$C$2 -> Wind | D10: Engineering | E10: 0.05 | F10: 0.05 | G10: 0.05 | H10: 0.05 | I10: 0.05 | J10: 0.05 | K10: 0.1 | L10: 0.1 | M10: 0.1 | N10: 0.1 | O10: 0.1 | P10: 0.1 | Q10: 0.1 | R10: 0.1 | S10: 0.1 | T10: 0.1 | U10: 0.1 | V10: 0.1 | W10: 0.1 | X10: 0.1 | Y10: 0.1 | Z10: 0.1 | AA10: 0.1 | AB10: 0.1 | AC10: 0.05 | AD10: 0.05 | AE10: 0
B11: Electrical Engineer | C11: =$C$2 -> Wind | D11: Engineering | E11: 0.05 | F11: 0.05 | G11: 0.05 | H11: 0.05 | I11: 0.05 | J11: 0.05 | K11: 0.1 | L11: 0.1 | M11: 0.1 | N11: 0.1 | O11: 0.1 | P11: 0.1 | Q11: 0.1 | R11: 0.1 | S11: 0.1 | T11: 0.1 | U11: 0.1 | V11: 0.1 | W11: 0.1 | X11: 0.1 | Y11: 0.1 | Z11: 0.1 | AA11: 0.1 | AB11: 0.1 | AC11: 0.05 | AD11: 0.05 | AE11: 0
B12: Mechanical Engineer | C12: =$C$2 -> Wind | D12: Engineering | E12: 0.05 | F12: 0.05 | G12: 0.05 | H12: 0.05 | I12: 0.05 | J12: 0.05 | K12: 0.1 | L12: 0.1 | M12: 0.1 | N12: 0.1 | O12: 0.1 | P12: 0.1 | Q12: 0.1 | R12: 0.1 | S12: 0.1 | T12: 0.1 | U12: 0.1 | V12: 0.1 | W12: 0.1 | X12: 0.1 | Y12: 0.1 | Z12: 0.1 | AA12: 0.1 | AB12: 0.1 | AC12: 0.05 | AD12: 0.05 | AE12: 0
B13: Structural Engineer | C13: =$C$2 -> Wind | D13: Engineering | E13: 0.05 | F13: 0.05 | G13: 0.05 | H13: 0.05 | I13: 0.05 | J13: 0.05 | K13: 0.1 | L13: 0.1 | M13: 0.1 | N13: 0.1 | O13: 0.1 | P13: 0.1 | Q13: 0.1 | R13: 0.1 | S13: 0.1 | T13: 0.1 | U13: 0.1 | V13: 0.1 | W13: 0.1 | X13: 0.1 | Y13: 0.1 | Z13: 0.1 | AA13: 0.1 | AB13: 0.1 | AC13: 0.05 | AD13: 0.05 | AE13: 0
B14: Construction Manager | C14: =$C$2 -> Wind | D14: Construction Monitoring | E14: 0 | F14: 0 | G14: 0 | H14: 0.25 | I14: 0.25 | J14: 0.25 | K14: 0.5 | L14: 0.5 | M14: 0.5 | N14: 0.75 | O14: 0.75 | P14: 0.75 | Q14: 0.75 | R14: 0.75 | S14: 0.75 | T14: 0.75 | U14: 0.75 | V14: 0.75 | W14: 0.75 | X14: 0.75 | Y14: 0.75 | Z14: 0.75 | AA14: 0.75 | AB14: 0.75 | AC14: 0.5 | AD14: 0.4 | AE14: 0.25
B15: H&S Field | C15: =$C$2 -> Wind | D15: Construction Monitoring | E15: 0 | F15: 0 | G15: 0 | H15: 0 | I15: 0 | J15: 0 | K15: 0 | L15: 0 | M15: 0 | N15: 0 | O15: 0 | P15: 0 | Q15: 0.5 | R15: 0.5 | S15: 0.5 | T15: 0.5 | U15: 0.5 | V15: 0.5 | W15: 0.5 | X15: 0.5 | Y15: 0.5 | Z15: 0.5 | AA15: 0.5 | AB15: 0.5 | AC15: 0.25 | AD15: 0.15 | AE15: 0
B16: Estimator | C16: =$C$2 -> Wind | D16: Project Controls | E16: 0.1 | F16: 0.1 | G16: 0.1 | H16: 0.1 | I16: 0.1 | J16: 0.1 | K16: 0.1 | L16: 0.1 | M16: 0.1 | N16: 0.1 | O16: 0.1 | P16: 0.1 | Q16: 0.1 | R16: 0.1 | S16: 0.1 | T16: 0.1 | U16: 0.1 | V16: 0.1 | W16: 0.1 | X16: 0.1 | Y16: 0.1 | Z16: 0.1 | AA16: 0.1 | AB16: 0.1 | AC16: 0.1 | AD16: 0.1 | AE16: 0.1
B17: Risk Analyst | C17: =$C$2 -> Wind | D17: Project Controls | E17: 0.05 | F17: 0.05 | G17: 0.05 | H17: 0.05 | I17: 0.05 | J17: 0.05 | K17: 0.05 | L17: 0.05 | M17: 0.05 | N17: 0.05 | O17: 0.05 | P17: 0.05 | Q17: 0.05 | R17: 0.05 | S17: 0.05 | T17: 0.05 | U17: 0.05 | V17: 0.05 | W17: 0.05 | X17: 0.05 | Y17: 0.05 | Z17: 0.05 | AA17: 0.05 | AB17: 0.05 | AC17: 0.05 | AD17: 0 | AE17: 0
... B20: Cost Controls | C20: =$C$2 -> Wind | D20: Project Controls | E20: 0.1 | F20: 0.1 | G20: 0.1 | H20: 0.1 | I20: 0.1 | J20: 0.1 | K20: 0.1 | L20: 0.1 | M20: 0.1 | N20: 0.1 | O20: 0.1 | P20: 0.1 | Q20: 0.1 | R20: 0.1 | S20: 0.1 | T20: 0.1 | U20: 0.1 | V20: 0.1 | W20: 0.1 | X20: 0.1 | Y20: 0.1 | Z20: 0.1 | AA20: 0.1 | AB20: 0.1 | AC20: 0.1 | AD20: 0.1 | AE20: 0.1

Sheet Hydro
B2: PROJECT ARCHETYPE: | C2: Hydro
B4: Resource Name | C4: Project Archetype | D4: Resource Category | E4: Planning | K4: Design & Engineering | Q4: Construction | AC4: Closeout
B5: Column1 | C5: Column2 | D5: Column3 | E5: 1 | F5: 2 | G5: 3 | H5: 4 | I5: 5 | J5: 6 | K5: 7 | L5: 8 | M5: 9 | N5: 10 | O5: 11 | P5: 12 | Q5: 13 | R5: 14 | S5: 15 | T5: 16 | U5: 17 | V5: 18 | W5: 19 | X5: 20 | Y5: 21 | Z5: 22 | AA5: 23 | AB5: 24 | AC5: 25 | AD5: 26 | AE5: 27
B6: Project Manager | C6: =$C$2 -> Hydro | D6: Project Management | E6: 0.25 | F6: 0.25 | G6: 0.25 | H6: 0.45 | I6: 0.45 | J6: 0.45 | K6: 0.65 | L6: 0.65 | M6: 0.65 | N6: 0.85 | O6: 0.85 | P6: 0.85 | Q6: 0.85 | R6: 0.85 | S6: 0.85 | T6: 0.85 | U6: 0.85 | V6: 0.85 | W6: 0.85 | X6: 0.85 | Y6: 0.85 | Z6: 0.85 | AA6: 0.85 | AB6: 0.85 | AC6: 0.5 | AD6: 0.4 | AE6: 0.25
B7: Project Engineer | C7: =$C$2 -> Hydro | D7: Project Management | E7: 0.05 | F7: 0.05 | G7: 0.05 | H7: 0.05 | I7: 0.05 | J7: 0.05 | K7: 0.05 | L7: 0.05 | M7: 0.05 | N7: 0.05 | O7: 0.05 | P7: 0.05 | Q7: 0.05 | R7: 0.05 | S7: 0.05 | T7: 0.05 | U7: 0.05 | V7: 0.05 | W7: 0.05 | X7: 0.05 | Y7: 0.05 | Z7: 0.05 | AA7: 0.05 | AB7: 0.05 | AC7: 0.05 | AD7: 0.05 | AE7: 0.05
B8: Project Coordinator | C8: =$C$2 -> Hydro | D8: Project Management | E8: 0.05 | F8: 0.05 | G8: 0.1 | H8: 0.1 | I8: 0.15 | J8: 0.15 | K8: 0.25 | L8: 0.25 | M8: 0.25 | N8: 0.25 | O8: 0.25 | P8: 0.25 | Q8: 0.25 | R8: 0.25 | S8: 0.25 | T8: 0.25 | U8: 0.25 | V8: 0.25 | W8: 0.25 | X8: 0.25 | Y8: 0.25 | Z8: 0.25 | AA8: 0.25 | AB8: 0.25 | AC8: 0.25 | AD8: 0.25 | AE8: 0.25
B9: Geotech Engineer | C9: =$C$2 -> Hydro | D9: Engineering | E9: 0.05 | F9: 0.05 | G9: 0.05 | H9: 0.05 | I9: 0.05 | J9: 0.05 | K9: 0.1 | L9: 0.1 | M9: 0.1 | N9: 0.1 | O9: 0.1 | P9: 0.1 | Q9: 0.1 | R9: 0.1 | S9: 0.1 | T9: 0.1 | U9: 0.1 | V9: 0.1 | W9: 0.1 | X9: 0.1 | Y9: 0.1 | Z9: 0.1 | AA9: 0.1 | AB9: 0.1 | AC9: 0.05 | AD9: 0.05 | AE9: 0
B10: Civil Engineer | C10: =$C$2 -> Hydro | D10: Engineering | E10: 0.05 | F10: 0.05 | G10: 0.05 | H10: 0.05 | I10: 0.05 | J10: 0.05 | K10: 0.1 | L10: 0.1 | M10: 0.1 | N10: 0.1 | O10: 0.1 | P10: 0.1 | Q10: 0.1 | R10: 0.1 | S10: 0.1 | T10: 0.1 | U10: 0.1 | V10: 0.1 | W10: 0.1 | X10: 0.1 | Y10: 0.1 | Z10: 0.1 | AA10: 0.1 | AB10: 0.1 | AC10: 0.05 | AD10: 0.05 | AE10: 0
B11: Hydraulics/Hydrology Engineer | C11: =$C$2 -> Hydro | D11: Engineering | E11: 0.05 | F11: 0.05 | G11: 0.05 | H11: 0.05 | I11: 0.05 | J11: 0.05 | K11: 0.1 | L11: 0.1 | M11: 0.1 | N11: 0.1 | O11: 0.1 | P11: 0.1 | Q11: 0.1 | R11: 0.1 | S11: 0.1 | T11: 0.1 | U11: 0.1 | V11: 0.1 | W11: 0.1 | X11: 0.1 | Y11: 0.1 | Z11: 0.1 | AA11: 0.1 | AB11: 0.1 | AC11: 0.05 | AD11: 0.05 | AE11: 0
B12: I&C Engineer | C12: =$C$2 -> Hydro | D12: Engineering | E12: 0.05 | F12: 0.05 | G12: 0.05 | H12: 0.05 | I12: 0.05 | J12: 0.05 | K12: 0.1 | L12: 0.1 | M12: 0.1 | N12: 0.1 | O12: 0.1 | P12: 0.1 | Q12: 0.1 | R12: 0.1 | S12: 0.1 | T12: 0.1 | U12: 0.1 | V12: 0.1 | W12: 0.1 | X12: 0.1 | Y12: 0.1 | Z12: 0.1 | AA12: 0.1 | AB12: 0.1 | AC12: 0.05 | AD12: 0.05 | AE12: 0
B13: Electrical Engineer | C13: =$C$2 -> Hydro | D13: Engineering | E13: 0.05 | F13: 0.05 | G13: 0.05 | H13: 0.05 | I13: 0.05 | J13: 0.05 | K13: 0.1 | L13: 0.1 | M13: 0.1 | N13: 0.1 | O13: 0.1 | P13: 0.1 | Q13: 0.1 | R13: 0.1 | S13: 0.1 | T13: 0.1 | U13: 0.1 | V13: 0.1 | W13: 0.1 | X13: 0.1 | Y13: 0.1 | Z13: 0.1 | AA13: 0.1 | AB13: 0.1 | AC13: 0.05 | AD13: 0.05 | AE13: 0
B14: Mechanical Engineer | C14: =$C$2 -> Hydro | D14: Engineering | E14: 0.05 | F14: 0.05 | G14: 0.05 | H14: 0.05 | I14: 0.05 | J14: 0.05 | K14: 0.1 | L14: 0.1 | M14: 0.1 | N14: 0.1 | O14: 0.1 | P14: 0.1 | Q14: 0.1 | R14: 0.1 | S14: 0.1 | T14: 0.1 | U14: 0.1 | V14: 0.1 | W14: 0.1 | X14: 0.1 | Y14: 0.1 | Z14: 0.1 | AA14: 0.1 | AB14: 0.1 | AC14: 0.05 | AD14: 0.05 | AE14: 0
B15: Structural Engineer | C15: =$C$2 -> Hydro | D15: Engineering | E15: 0.05 | F15: 0.05 | G15: 0.05 | H15: 0.05 | I15: 0.05 | J15: 0.05 | K15: 0.1 | L15: 0.1 | M15: 0.1 | N15: 0.1 | O15: 0.1 | P15: 0.1 | Q15: 0.1 | R15: 0.1 | S15: 0.1 | T15: 0.1 | U15: 0.1 | V15: 0.1 | W15: 0.1 | X15: 0.1 | Y15: 0.1 | Z15: 0.1 | AA15: 0.1 | AB15: 0.1 | AC15: 0.05 | AD15: 0.05 | AE15: 0
B16: Construction Manager | C16: =$C$2 -> Hydro | D16: Construction Monitoring | E16: 0 | F16: 0 | G16: 0 | H16: 0.25 | I16: 0.25 | J16: 0.25 | K16: 0.5 | L16: 0.5 | M16: 0.5 | N16: 0.75 | O16: 0.75 | P16: 0.75 | Q16: 0.75 | R16: 0.75 | S16: 0.75 | T16: 0.75 | U16: 0.75 | V16: 0.75 | W16: 0.75 | X16: 0.75 | Y16: 0.75 | Z16: 0.75 | AA16: 0.75 | AB16: 0.75 | AC16: 0.5 | AD16: 0.4 | AE16: 0.25
B17: H&S Field | C17: =$C$2 -> Hydro | D17: Construction Monitoring | E17: 0 | F17: 0 | G17: 0 | H17: 0 | I17: 0 | J17: 0 | K17: 0 | L17: 0 | M17: 0 | N17: 0 | O17: 0 | P17: 0 | Q17: 0.5 | R17: 0.5 | S17: 0.5 | T17: 0.5 | U17: 0.5 | V17: 0.5 | W17: 0.5 | X17: 0.5 | Y17: 0.5 | Z17: 0.5 | AA17: 0.5 | AB17: 0.5 | AC17: 0.25 | AD17: 0.15 | AE17: 0
... B22: Cost Controls | C22: =$C$2 -> Hydro | D22: Project Controls | E22: 0.1 | F22: 0.1 | G22: 0.1 | H22: 0.1 | I22: 0.1 | J22: 0.1 | K22: 0.1 | L22: 0.1 | M22: 0.1 | N22: 0.1 | O22: 0.1 | P22: 0.1 | Q22: 0.1 | R22: 0.1 | S22: 0.1 | T22: 0.1 | U22: 0.1 | V22: 0.1 | W22: 0.1 | X22: 0.1 | Y22: 0.1 | Z22: 0.1 | AA22: 0.1 | AB22: 0.1 | AC22: 0.1 | AD22: 0.1 | AE22: 0.1

Sheet Biomass
B2: PROJECT ARCHETYPE: | C2: Biomass
B4: Resource Name | C4: Project Archetype | D4: Resource Category | E4: Planning | K4: Design & Engineering | Q4: Construction | AC4: Closeout
B5: Column1 | C5: Column2 | D5: Column3 | E5: 1 | F5: 2 | G5: 3 | H5: 4 | I5: 5 | J5: 6 | K5: 7 | L5: 8 | M5: 9 | N5: 10 | O5: 11 | P5: 12 | Q5: 13 | R5: 14 | S5: 15 | T5: 16 | U5: 17 | V5: 18 | W5: 19 | X5: 20 | Y5: 21 | Z5: 22 | AA5: 23 | AB5: 24 | AC5: 25 | AD5: 26 | AE5: 27
B6: Project Manager | C6: =$C$2 -> Biomass | D6: Project Management | E6: 0.25 | F6: 0.25 | G6: 0.25 | H6: 0.45 | I6: 0.45 | J6: 0.45 | K6: 0.65 | L6: 0.65 | M6: 0.65 | N6: 0.85 | O6: 0.85 | P6: 0.85 | Q6: 0.85 | R6: 0.85 | S6: 0.85 | T6: 0.85 | U6: 0.85 | V6: 0.85 | W6: 0.85 | X6: 0.85 | Y6: 0.85 | Z6: 0.85 | AA6: 0.85 | AB6: 0.85 | AC6: 0.5 | AD6: 0.4 | AE6: 0.25
B7: Project Engineer | C7: =$C$2 -> Biomass | D7: Project Management | E7: 0.05 | F7: 0.05 | G7: 0.05 | H7: 0.05 | I7: 0.05 | J7: 0.05 | K7: 0.05 | L7: 0.05 | M7: 0.05 | N7: 0.05 | O7: 0.05 | P7: 0.05 | Q7: 0.05 | R7: 0.05 | S7: 0.05 | T7: 0.05 | U7: 0.05 | V7: 0.05 | W7: 0.05 | X7: 0.05 | Y7: 0.05 | Z7: 0.05 | AA7: 0.05 | AB7: 0.05 | AC7: 0.05 | AD7: 0.05 | AE7: 0.05
B8: Project Coordinator | C8: =$C$2 -> Biomass | D8: Project Management | E8: 0.05 | F8: 0.05 | G8: 0.1 | H8: 0.1 | I8: 0.15 | J8: 0.15 | K8: 0.25 | L8: 0.25 | M8: 0.25 | N8: 0.25 | O8: 0.25 | P8: 0.25 | Q8: 0.25 | R8: 0.25 | S8: 0.25 | T8: 0.25 | U8: 0.25 | V8: 0.25 | W8: 0.25 | X8: 0.25 | Y8: 0.25 | Z8: 0.25 | AA8: 0.25 | AB8: 0.25 | AC8: 0.25 | AD8: 0.25 | AE8: 0.25
B9: Civil Engineer | C9: =$C$2 -> Biomass | D9: Engineering | E9: 0.05 | F9: 0.05 | G9: 0.05 | H9: 0.05 | I9: 0.05 | J9: 0.05 | K9: 0.1 | L9: 0.1 | M9: 0.1 | N9: 0.1 | O9: 0.1 | P9: 0.1 | Q9: 0.1 | R9: 0.1 | S9: 0.1 | T9: 0.1 | U9: 0.1 | V9: 0.1 | W9: 0.1 | X9: 0.1 | Y9: 0.1 | Z9: 0.1 | AA9: 0.1 | AB9: 0.1 | AC9: 0.05 | AD9: 0.05 | AE9: 0
B10: Structural Engineer | C10: =$C$2 -> Biomass | D10: Engineering | E10: 0.05 | F10: 0.05 | G10: 0.05 | H10: 0.05 | I10: 0.05 | J10: 0.05 | K10: 0.1 | L10: 0.1 | M10: 0.1 | N10: 0.1 | O10: 0.1 | P10: 0.1 | Q10: 0.1 | R10: 0.1 | S10: 0.1 | T10: 0.1 | U10: 0.1 | V10: 0.1 | W10: 0.1 | X10: 0.1 | Y10: 0.1 | Z10: 0.1 | AA10: 0.1 | AB10: 0.1 | AC10: 0.05 | AD10: 0.05 | AE10: 0
B11: Mechanical Engineer | C11: =$C$2 -> Biomass | D11: Engineering | E11: 0.05 | F11: 0.05 | G11: 0.05 | H11: 0.05 | I11: 0.05 | J11: 0.05 | K11: 0.1 | L11: 0.1 | M11: 0.1 | N11: 0.1 | O11: 0.1 | P11: 0.1 | Q11: 0.1 | R11: 0.1 | S11: 0.1 | T11: 0.1 | U11: 0.1 | V11: 0.1 | W11: 0.1 | X11: 0.1 | Y11: 0.1 | Z11: 0.1 | AA11: 0.1 | AB11: 0.1 | AC11: 0.05 | AD11: 0.05 | AE11: 0
B12: Construction Manager | C12: =$C$2 -> Biomass | D12: Construction Monitoring | E12: 0 | F12: 0 | G12: 0 | H12: 0.25 | I12: 0.25 | J12: 0.25 | K12: 0.5 | L12: 0.5 | M12: 0.5 | N12: 0.75 | O12: 0.75 | P12: 0.75 | Q12: 0.75 | R12: 0.75 | S12: 0.75 | T12: 0.75 | U12: 0.75 | V12: 0.75 | W12: 0.75 | X12: 0.75 | Y12: 0.75 | Z12: 0.75 | AA12: 0.75 | AB12: 0.75 | AC12: 0.5 | AD12: 0.4 | AE12: 0.25
B13: H&S Field | C13: =$C$2 -> Biomass | D13: Construction Monitoring | E13: 0 | F13: 0 | G13: 0 | H13: 0 | I13: 0 | J13: 0 | K13: 0 | L13: 0 | M13: 0 | N13: 0 | O13: 0 | P13: 0 | Q13: 0.5 | R13: 0.5 | S13: 0.5 | T13: 0.5 | U13: 0.5 | V13: 0.5 | W13: 0.5 | X13: 0.5 | Y13: 0.5 | Z13: 0.5 | AA13: 0.5 | AB13: 0.5 | AC13: 0.25 | AD13: 0.15 | AE13: 0
B14: Estimator | C14: =$C$2 -> Biomass | D14: Project Controls | E14: 0.1 | F14: 0.1 | G14: 0.1 | H14: 0.1 | I14: 0.1 | J14: 0.1 | K14: 0.1 | L14: 0.1 | M14: 0.1 | N14: 0.1 | O14: 0.1 | P14: 0.1 | Q14: 0.1 | R14: 0.1 | S14: 0.1 | T14: 0.1 | U14: 0.1 | V14: 0.1 | W14: 0.1 | X14: 0.1 | Y14: 0.1 | Z14: 0.1 | AA14: 0.1 | AB14: 0.1 | AC14: 0.1 | AD14: 0.1 | AE14: 0.1
B15: Risk Analyst | C15: =$C$2 -> Biomass | D15: Project Controls | E15: 0.05 | F15: 0.05 | G15: 0.05 | H15: 0.05 | I15: 0.05 | J15: 0.05 | K15: 0.05 | L15: 0.05 | M15: 0.05 | N15: 0.05 | O15: 0.05 | P15: 0.05 | Q15: 0.05 | R15: 0.05 | S15: 0.05 | T15: 0.05 | U15: 0.05 | V15: 0.05 | W15: 0.05 | X15: 0.05 | Y15: 0.05 | Z15: 0.05 | AA15: 0.05 | AB15: 0.05 | AC15: 0.05 | AD15: 0 | AE15: 0
B16: Document Control Specialist | C16: =$C$2 -> Biomass | D16: Project Controls | E16: 0.15 | F16: 0.15 | G16: 0.15 | H16: 0.15 | I16: 0.15 | J16: 0.15 | K16: 0.15 | L16: 0.15 | M16: 0.15 | N16: 0.15 | O16: 0.15 | P16: 0.15 | Q16: 0.15 | R16: 0.15 | S16: 0.15 | T16: 0.15 | U16: 0.15 | V16: 0.15 | W16: 0.15 | X16: 0.15 | Y16: 0.15 | Z16: 0.15 | AA16: 0.15 | AB16: 0.15 | AC16: 0.15 | AD16: 0.15 | AE16: 0.15
B17: Scheduler | C17: =$C$2 -> Biomass | D17: Project Controls | E17: 0.1 | F17: 0.1 | G17: 0.1 | H17: 0.1 | I17: 0.1 | J17: 0.1 | K17: 0.1 | L17: 0.1 | M17: 0.1 | N17: 0.1 | O17: 0.1 | P17: 0.1 | Q17: 0.1 | R17: 0.1 | S17: 0.1 | T17: 0.1 | U17: 0.1 | V17: 0.1 | W17: 0.1 | X17: 0.1 | Y17: 0.1 | Z17: 0.1 | AA17: 0.1 | AB17: 0.1 | AC17: 0.1 | AD17: 0.1 | AE17: 0.1
B18: Cost Controls | C18: =$C$2 -> Biomass | D18: Project Controls | E18: 0.1 | F18: 0.1 | G18: 0.1 | H18: 0.1 | I18: 0.1 | J18: 0.1 | K18: 0.1 | L18: 0.1 | M18: 0.1 | N18: 0.1 | O18: 0.1 | P18: 0.1 | Q18: 0.1 | R18: 0.1 | S18: 0.1 | T18: 0.1 | U18: 0.1 | V18: 0.1 | W18: 0.1 | X18: 0.1 | Y18: 0.1 | Z18: 0.1 | AA18: 0.1 | AB18: 0.1 | AC18: 0.1 | AD18: 0.1 | AE18: 0.1

Sheet Solar
B2: PROJECT ARCHETYPE: | C2: Solar
B4: Resource Name | C4: Project Archetype | D4: Resource Category | E4: Planning | K4: Design & Engineering | Q4: Construction | AC4: Closeout
B5: Column1 | C5: Column2 | D5: Column3 | E5: 1 | F5: 2 | G5: 3 | H5: 4 | I5: 5 | J5: 6 | K5: 7 | L5: 8 | M5: 9 | N5: 10 | O5: 11 | P5: 12 | Q5: 13 | R5: 14 | S5: 15 | T5: 16 | U5: 17 | V5: 18 | W5: 19 | X5: 20 | Y5: 21 | Z5: 22 | AA5: 23 | AB5: 24 | AC5: 25 | AD5: 26 | AE5: 27
B6: Project Manager | C6: =$C$2 -> Solar | D6: Project Management | E6: 0.25 | F6: 0.25 | G6: 0.25 | H6: 0.45 | I6: 0.45 | J6: 0.45 | K6: 0.65 | L6: 0.65 | M6: 0.65 | N6: 0.85 | O6: 0.85 | P6: 0.85 | Q6: 0.85 | R6: 0.85 | S6: 0.85 | T6: 0.85 | U6: 0.85 | V6: 0.85 | W6: 0.85 | X6: 0.85 | Y6: 0.85 | Z6: 0.85 | AA6: 0.85 | AB6: 0.85 | AC6: 0.5 | AD6: 0.4 | AE6: 0.25
B7: Project Engineer | C7: =$C$2 -> Solar | D7: Project Management | E7: 0.05 | F7: 0.05 | G7: 0.05 | H7: 0.05 | I7: 0.05 | J7: 0.05 | K7: 0.05 | L7: 0.05 | M7: 0.05 | N7: 0.05 | O7: 0.05 | P7: 0.05 | Q7: 0.05 | R7: 0.05 | S7: 0.05 | T7: 0.05 | U7: 0.05 | V7: 0.05 | W7: 0.05 | X7: 0.05 | Y7: 0.05 | Z7: 0.05 | AA7: 0.05 | AB7: 0.05 | AC7: 0.05 | AD7: 0.05 | AE7: 0.05
B8: Project Coordinator | C8: =$C$2 -> Solar | D8: Project Management | E8: 0.05 | F8: 0.05 | G8: 0.1 | H8: 0.1 | I8: 0.15 | J8: 0.15 | K8: 0.25 | L8: 0.25 | M8: 0.25 | N8: 0.25 | O8: 0.25 | P8: 0.25 | Q8: 0.25 | R8: 0.25 | S8: 0.25 | T8: 0.25 | U8: 0.25 | V8: 0.25 | W8: 0.25 | X8: 0.25 | Y8: 0.25 | Z8: 0.25 | AA8: 0.25 | AB8: 0.25 | AC8: 0.25 | AD8: 0.25 | AE8: 0.25
B9: Civil Engineer | C9: =$C$2 -> Solar | D9: Engineering | E9: 0.05 | F9: 0.05 | G9: 0.05 | H9: 0.05 | I9: 0.05 | J9: 0.05 | K9: 0.1 | L9: 0.1 | M9: 0.1 | N9: 0.1 | O9: 0.1 | P9: 0.1 | Q9: 0.1 | R9: 0.1 | S9: 0.1 | T9: 0.1 | U9: 0.1 | V9: 0.1 | W9: 0.1 | X9: 0.1 | Y9: 0.1 | Z9: 0.1 | AA9: 0.1 | AB9: 0.1 | AC9: 0.05 | AD9: 0.05 | AE9: 0
B10: I&C Engineer | C10: =$C$2 -> Solar | D10: Engineering | E10: 0.05 | F10: 0.05 | G10: 0.05 | H10: 0.05 | I10: 0.05 | J10: 0.05 | K10: 0.1 | L10: 0.1 | M10: 0.1 | N10: 0.1 | O10: 0.1 | P10: 0.1 | Q10: 0.1 | R10: 0.1 | S10: 0.1 | T10: 0.1 | U10: 0.1 | V10: 0.1 | W10: 0.1 | X10: 0.1 | Y10: 0.1 | Z10: 0.1 | AA10: 0.1 | AB10: 0.1 | AC10: 0.05 | AD10: 0.05 | AE10: 0
B11: Electrical Engineer | C11: =$C$2 -> Solar | D11: Engineering | E11: 0.05 | F11: 0.05 | G11: 0.05 | H11: 0.05 | I11: 0.05 | J11: 0.05 | K11: 0.1 | L11: 0.1 | M11: 0.1 | N11: 0.1 | O11: 0.1 | P11: 0.1 | Q11: 0.1 | R11: 0.1 | S11: 0.1 | T11: 0.1 | U11: 0.1 | V11: 0.1 | W11: 0.1 | X11: 0.1 | Y11: 0.1 | Z11: 0.1 | AA11: 0.1 | AB11: 0.1 | AC11: 0.05 | AD11: 0.05 | AE11: 0
B12: Mechanical Engineer | C12: =$C$2 -> Solar | D12: Engineering | E12: 0.05 | F12: 0.05 | G12: 0.05 | H12: 0.05 | I12: 0.05 | J12: 0.05 | K12: 0.1 | L12: 0.1 | M12: 0.1 | N12: 0.1 | O12: 0.1 | P12: 0.1 | Q12: 0.1 | R12: 0.1 | S12: 0.1 | T12: 0.1 | U12: 0.1 | V12: 0.1 | W12: 0.1 | X12: 0.1 | Y12: 0.1 | Z12: 0.1 | AA12: 0.1 | AB12: 0.1 | AC12: 0.05 | AD12: 0.05 | AE12: 0
B13: Structural Engineer | C13: =$C$2 -> Solar | D13: Engineering | E13: 0.05 | F13: 0.05 | G13: 0.05 | H13: 0.05 | I13: 0.05 | J13: 0.05 | K13: 0.1 | L13: 0.1 | M13: 0.1 | N13: 0.1 | O13: 0.1 | P13: 0.1 | Q13: 0.1 | R13: 0.1 | S13: 0.1 | T13: 0.1 | U13: 0.1 | V13: 0.1 | W13: 0.1 | X13: 0.1 | Y13: 0.1 | Z13: 0.1 | AA13: 0.1 | AB13: 0.1 | AC13: 0.05 | AD13: 0.05 | AE13: 0
B14: Construction Manager | C14: =$C$2 -> Solar | D14: Construction Monitoring | E14: 0 | F14: 0 | G14: 0 | H14: 0.25 | I14: 0.25 | J14: 0.25 | K14: 0.5 | L14: 0.5 | M14: 0.5 | N14: 0.75 | O14: 0.75 | P14: 0.75 | Q14: 0.75 | R14: 0.75 | S14: 0.75 | T14: 0.75 | U14: 0.75 | V14: 0.75 | W14: 0.75 | X14: 0.75 | Y14: 0.75 | Z14: 0.75 | AA14: 0.75 | AB14: 0.75 | AC14: 0.5 | AD14: 0.4 | AE14: 0.25
B15: H&S Field | C15: =$C$2 -> Solar | D15: Construction Monitoring | E15: 0 | F15: 0 | G15: 0 | H15: 0 | I15: 0 | J15: 0 | K15: 0 | L15: 0 | M15: 0 | N15: 0 | O15: 0 | P15: 0 | Q15: 0.5 | R15: 0.5 | S15: 0.5 | T15: 0.5 | U15: 0.5 | V15: 0.5 | W15: 0.5 | X15: 0.5 | Y15: 0.5 | Z15: 0.5 | AA15: 0.5 | AB15: 0.5 | AC15: 0.25 | AD15: 0.15 | AE15: 0
B16: Estimator | C16: =$C$2 -> Solar | D16: Project Controls | E16: 0.1 | F16: 0.1 | G16: 0.1 | H16: 0.1 | I16: 0.1 | J16: 0.1 | K16: 0.1 | L16: 0.1 | M16: 0.1 | N16: 0.1 | O16: 0.1 | P16: 0.1 | Q16: 0.1 | R16: 0.1 | S16: 0.1 | T16: 0.1 | U16: 0.1 | V16: 0.1 | W16: 0.1 | X16: 0.1 | Y16: 0.1 | Z16: 0.1 | AA16: 0.1 | AB16: 0.1 | AC16: 0.1 | AD16: 0.1 | AE16: 0.1
B17: Risk Analyst | C17: =$C$2 -> Solar | D17: Project Controls | E17: 0.05 | F17: 0.05 | G17: 0.05 | H17: 0.05 | I17: 0.05 | J17: 0.05 | K17: 0.05 | L17: 0.05 | M17: 0.05 | N17: 0.05 | O17: 0.05 | P17: 0.05 | Q17: 0.05 | R17: 0.05 | S17: 0.05 | T17: 0.05 | U17: 0.05 | V17: 0.05 | W17: 0.05 | X17: 0.05 | Y17: 0.05 | Z17: 0.05 | AA17: 0.05 | AB17: 0.05 | AC17: 0.05 | AD17: 0 | AE17: 0
... B20: Cost Controls | C20: =$C$2 -> Solar | D20: Project Controls | E20: 0.1 | F20: 0.1 | G20: 0.1 | H20: 0.1 | I20: 0.1 | J20: 0.1 | K20: 0.1 | L20: 0.1 | M20: 0.1 | N20: 0.1 | O20: 0.1 | P20: 0.1 | Q20: 0.1 | R20: 0.1 | S20: 0.1 | T20: 0.1 | U20: 0.1 | V20: 0.1 | W20: 0.1 | X20: 0.1 | Y20: 0.1 | Z20: 0.1 | AA20: 0.1 | AB20: 0.1 | AC20: 0.1 | AD20: 0.1 | AE20: 0.1

Sheet BESS
B2: PROJECT ARCHETYPE: | C2: BESS
B4: Resource Name | C4: Project Archetype | D4: Resource Category | E4: Planning | K4: Design & Engineering | Q4: Construction | AC4: Closeout
B5: Column1 | C5: Column2 | D5: Column3 | E5: 1 | F5: 2 | G5: 3 | H5: 4 | I5: 5 | J5: 6 | K5: 7 | L5: 8 | M5: 9 | N5: 10 | O5: 11 | P5: 12 | Q5: 13 | R5: 14 | S5: 15 | T5: 16 | U5: 17 | V5: 18 | W5: 19 | X5: 20 | Y5: 21 | Z5: 22 | AA5: 23 | AB5: 24 | AC5: 25 | AD5: 26 | AE5: 27
B6: Project Manager | C6: =$C$2 -> BESS | D6: Project Management | E6: 0.25 | F6: 0.25 | G6: 0.25 | H6: 0.45 | I6: 0.45 | J6: 0.45 | K6: 0.65 | L6: 0.65 | M6: 0.65 | N6: 0.85 | O6: 0.85 | P6: 0.85 | Q6: 0.85 | R6: 0.85 | S6: 0.85 | T6: 0.85 | U6: 0.85 | V6: 0.85 | W6: 0.85 | X6: 0.85 | Y6: 0.85 | Z6: 0.85 | AA6: 0.85 | AB6: 0.85 | AC6: 0.5 | AD6: 0.4 | AE6: 0.25
B7: Project Engineer | C7: =$C$2 -> BESS | D7: Project Management | E7: 0.05 | F7: 0.05 | G7: 0.05 | H7: 0.05 | I7: 0.05 | J7: 0.05 | K7: 0.05 | L7: 0.05 | M7: 0.05 | N7: 0.05 | O7: 0.05 | P7: 0.05 | Q7: 0.05 | R7: 0.05 | S7: 0.05 | T7: 0.05 | U7: 0.05 | V7: 0.05 | W7: 0.05 | X7: 0.05 | Y7: 0.05 | Z7: 0.05 | AA7: 0.05 | AB7: 0.05 | AC7: 0.05 | AD7: 0.05 | AE7: 0.05
B8: Project Coordinator | C8: =$C$2 -> BESS | D8: Project Management | E8: 0.05 | F8: 0.05 | G8: 0.1 | H8: 0.1 | I8: 0.15 | J8: 0.15 | K8: 0.25 | L8: 0.25 | M8: 0.25 | N8: 0.25 | O8: 0.25 | P8: 0.25 | Q8: 0.25 | R8: 0.25 | S8: 0.25 | T8: 0.25 | U8: 0.25 | V8: 0.25 | W8: 0.25 | X8: 0.25 | Y8: 0.25 | Z8: 0.25 | AA8: 0.25 | AB8: 0.25 | AC8: 0.25 | AD8: 0.25 | AE8: 0.25
B9: Civil Engineer | C9: =$C$2 -> BESS | D9: Engineering | E9: 0.05 | F9: 0.05 | G9: 0.05 | H9: 0.05 | I9: 0.05 | J9: 0.05 | K9: 0.1 | L9: 0.1 | M9: 0.1 | N9: 0.1 | O9: 0.1 | P9: 0.1 | Q9: 0.1 | R9: 0.1 | S9: 0.1 | T9: 0.1 | U9: 0.1 | V9: 0.1 | W9: 0.1 | X9: 0.1 | Y9: 0.1 | Z9: 0.1 | AA9: 0.1 | AB9: 0.1 | AC9: 0.05 | AD9: 0.05 | AE9: 0
B10: I&C Engineer | C10: =$C$2 -> BESS | D10: Engineering | E10: 0.05 | F10: 0.05 | G10: 0.05 | H10: 0.05 | I10: 0.05 | J10: 0.05 | K10: 0.1 | L10: 0.1 | M10: 0.1 | N10: 0.1 | O10: 0.1 | P10: 0.1 | Q10: 0.1 | R10: 0.1 | S10: 0.1 | T10: 0.1 | U10: 0.1 | V10: 0.1 | W10: 0.1 | X10: 0.1 | Y10: 0.1 | Z10: 0.1 | AA10: 0.1 | AB10: 0.1 | AC10: 0.05 | AD10: 0.05 | AE10: 0
B11: Electrical Engineer | C11: =$C$2 -> BESS | D11: Engineering | E11: 0.05 | F11: 0.05 | G11: 0.05 | H11: 0.05 | I11: 0.05 | J11: 0.05 | K11: 0.1 | L11: 0.1 | M11: 0.1 | N11: 0.1 | O11: 0.1 | P11: 0.1 | Q11: 0.1 | R11: 0.1 | S11: 0.1 | T11: 0.1 | U11: 0.1 | V11: 0.1 | W11: 0.1 | X11: 0.1 | Y11: 0.1 | Z11: 0.1 | AA11: 0.1 | AB11: 0.1 | AC11: 0.05 | AD11: 0.05 | AE11: 0
B12: Mechanical Engineer | C12: =$C$2 -> BESS | D12: Engineering | E12: 0.05 | F12: 0.05 | G12: 0.05 | H12: 0.05 | I12: 0.05 | J12: 0.05 | K12: 0.1 | L12: 0.1 | M12: 0.1 | N12: 0.1 | O12: 0.1 | P12: 0.1 | Q12: 0.1 | R12: 0.1 | S12: 0.1 | T12: 0.1 | U12: 0.1 | V12: 0.1 | W12: 0.1 | X12: 0.1 | Y12: 0.1 | Z12: 0.1 | AA12: 0.1 | AB12: 0.1 | AC12: 0.05 | AD12: 0.05 | AE12: 0
B13: Structural Engineer | C13: =$C$2 -> BESS | D13: Engineering | E13: 0.05 | F13: 0.05 | G13: 0.05 | H13: 0.05 | I13: 0.05 | J13: 0.05 | K13: 0.1 | L13: 0.1 | M13: 0.1 | N13: 0.1 | O13: 0.1 | P13: 0.1 | Q13: 0.1 | R13: 0.1 | S13: 0.1 | T13: 0.1 | U13: 0.1 | V13: 0.1 | W13: 0.1 | X13: 0.1 | Y13: 0.1 | Z13: 0.1 | AA13: 0.1 | AB13: 0.1 | AC13: 0.05 | AD13: 0.05 | AE13: 0
B14: Construction Manager | C14: =$C$2 -> BESS | D14: Construction Monitoring | E14: 0 | F14: 0 | G14: 0 | H14: 0.25 | I14: 0.25 | J14: 0.25 | K14: 0.5 | L14: 0.5 | M14: 0.5 | N14: 0.75 | O14: 0.75 | P14: 0.75 | Q14: 0.75 | R14: 0.75 | S14: 0.75 | T14: 0.75 | U14: 0.75 | V14: 0.75 | W14: 0.75 | X14: 0.75 | Y14: 0.75 | Z14: 0.75 | AA14: 0.75 | AB14: 0.75 | AC14: 0.5 | AD14: 0.4 | AE14: 0.25
B15: H&S Field | C15: =$C$2 -> BESS | D15: Construction Monitoring | E15: 0 | F15: 0 | G15: 0 | H15: 0 | I15: 0 | J15: 0 | K15: 0 | L15: 0 | M15: 0 | N15: 0 | O15: 0 | P15: 0 | Q15: 0.5 | R15: 0.5 | S15: 0.5 | T15: 0.5 | U15: 0.5 | V15: 0.5 | W15: 0.5 | X15: 0.5 | Y15: 0.5 | Z15: 0.5 | AA15: 0.5 | AB15: 0.5 | AC15: 0.25 | AD15: 0.15 | AE15: 0
B16: Estimator | C16: =$C$2 -> BESS | D16: Project Controls | E16: 0.1 | F16: 0.1 | G16: 0.1 | H16: 0.1 | I16: 0.1 | J16: 0.1 | K16: 0.1 | L16: 0.1 | M16: 0.1 | N16: 0.1 | O16: 0.1 | P16: 0.1 | Q16: 0.1 | R16: 0.1 | S16: 0.1 | T16: 0.1 | U16: 0.1 | V16: 0.1 | W16: 0.1 | X16: 0.1 | Y16: 0.1 | Z16: 0.1 | AA16: 0.1 | AB16: 0.1 | AC16: 0.1 | AD16: 0.1 | AE16: 0.1
B17: Risk Analyst | C17: =$C$2 -> BESS | D17: Project Controls | E17: 0.05 | F17: 0.05 | G17: 0.05 | H17: 0.05 | I17: 0.05 | J17: 0.05 | K17: 0.05 | L17: 0.05 | M17: 0.05 | N17: 0.05 | O17: 0.05 | P17: 0.05 | Q17: 0.05 | R17: 0.05 | S17: 0.05 | T17: 0.05 | U17: 0.05 | V17: 0.05 | W17: 0.05 | X17: 0.05 | Y17: 0.05 | Z17: 0.05 | AA17: 0.05 | AB17: 0.05 | AC17: 0.05 | AD17: 0 | AE17: 0
... B20: Cost Controls | C20: =$C$2 -> BESS | D20: Project Controls | E20: 0.1 | F20: 0.1 | G20: 0.1 | H20: 0.1 | I20: 0.1 | J20: 0.1 | K20: 0.1 | L20: 0.1 | M20: 0.1 | N20: 0.1 | O20: 0.1 | P20: 0.1 | Q20: 0.1 | R20: 0.1 | S20: 0.1 | T20: 0.1 | U20: 0.1 | V20: 0.1 | W20: 0.1 | X20: 0.1 | Y20: 0.1 | Z20: 0.1 | AA20: 0.1 | AB20: 0.1 | AC20: 0.1 | AD20: 0.1 | AE20: 0.1

Sheet New Archetype 1
B2: PROJECT ARCHETYPE: | C2: ='Duration Table'!C16 -> New Archetype 1
B4: Resource Name | C4: Project Archetype | D4: Resource Category | E4: Planning | K4: Design & Engineering | Q4: Construction | AC4: Closeout
B5: Column1 | C5: Column2 | D5: Column3 | E5: 1 | F5: 2 | G5: 3 | H5: 4 | I5: 5 | J5: 6 | K5: 7 | L5: 8 | M5: 9 | N5: 10 | O5: 11 | P5: 12 | Q5: 13 | R5: 14 | S5: 15 | T5: 16 | U5: 17 | V5: 18 | W5: 19 | X5: 20 | Y5: 21 | Z5: 22 | AA5: 23 | AB5: 24 | AC5: 25 | AD5: 26 | AE5: 27
B6: Project Manager | C6: =$C$2 -> New Archetype 1 | D6: Project Management
B7: Project Engineer | C7: =$C$2 -> New Archetype 1 | D7: Project Management
B8: Project Coordinator | C8: =$C$2 -> New Archetype 1 | D8: Project Management
B9: Civil Engineer | C9: =$C$2 -> New Archetype 1 | D9: Engineering
B10: I&C Engineer | C10: =$C$2 -> New Archetype 1 | D10: Engineering
B11: Electrical Engineer | C11: =$C$2 -> New Archetype 1 | D11: Engineering
B12: Mechanical Engineer | C12: =$C$2 -> New Archetype 1 | D12: Engineering
B13: Structural Engineer | C13: =$C$2 -> New Archetype 1 | D13: Engineering
B14: Construction Manager | C14: =$C$2 -> New Archetype 1 | D14: Construction Monitoring
B15: H&S Field | C15: =$C$2 -> New Archetype 1 | D15: Construction Monitoring
B16: Estimator | C16: =$C$2 -> New Archetype 1 | D16: Project Controls
B17: Risk Analyst | C17: =$C$2 -> New Archetype 1 | D17: Project Controls
... B20: Cost Controls | C20: =$C$2 -> New Archetype 1 | D20: Project Controls

Sheet New Archetype 2
B2: PROJECT ARCHETYPE: | C2: ='Duration Table'!C17 -> New Archetype 2
B4: Resource Name | C4: Project Archetype | D4: Resource Category | E4: Planning | K4: Design & Engineering | Q4: Construction | AC4: Closeout
B5: Column1 | C5: Column2 | D5: Column3 | E5: 1 | F5: 2 | G5: 3 | H5: 4 | I5: 5 | J5: 6 | K5: 7 | L5: 8 | M5: 9 | N5: 10 | O5: 11 | P5: 12 | Q5: 13 | R5: 14 | S5: 15 | T5: 16 | U5: 17 | V5: 18 | W5: 19 | X5: 20 | Y5: 21 | Z5: 22 | AA5: 23 | AB5: 24 | AC5: 25 | AD5: 26 | AE5: 27
B6: Project Manager | C6: =$C$2 -> New Archetype 2 | D6: Project Management
B7: Project Engineer | C7: =$C$2 -> New Archetype 2 | D7: Project Management
B8: Project Coordinator | C8: =$C$2 -> New Archetype 2 | D8: Project Management
B9: Civil Engineer | C9: =$C$2 -> New Archetype 2 | D9: Engineering
B10: I&C Engineer | C10: =$C$2 -> New Archetype 2 | D10: Engineering
B11: Electrical Engineer | C11: =$C$2 -> New Archetype 2 | D11: Engineering
B12: Mechanical Engineer | C12: =$C$2 -> New Archetype 2 | D12: Engineering
B13: Structural Engineer | C13: =$C$2 -> New Archetype 2 | D13: Engineering
B14: Construction Manager | C14: =$C$2 -> New Archetype 2 | D14: Construction Monitoring
B15: H&S Field | C15: =$C$2 -> New Archetype 2 | D15: Construction Monitoring
B16: Estimator | C16: =$C$2 -> New Archetype 2 | D16: Project Controls
B17: Risk Analyst | C17: =$C$2 -> New Archetype 2 | D17: Project Controls
... B20: Cost Controls | C20: =$C$2 -> New Archetype 2 | D20: Project Controls

Sheet Projects Adjusted
A1: Program Name | B1: Project Name | C1: Portfolio | D1: OpCo | E1: Project Archetype | F1: Cost ($M) | G1: Project Kickoff | H1: Engineering Start | I1: Engineering Finish | J1: ISD | K1: Project Finish | L1: Assumed Project Duration | M1: Final Project Kickoff | N1: Final Eng Start | O1: Final Eng Finish | P1: Final ISD | Q1: Final Project Finish
A2: =IF(AND(Projects!A11="", Projects!B11=""), "", IF(Projects!A11="", "Unassigned", Projects!A11)) -> Highlands Buildout | B2: =IF(Projects!B11<>"",Projects!B11,"") -> High Plains Intertie | C2: =IF(AND(Projects!C11="", Projects!B11=""), "", IF(Projects!C11="", "None", Projects!C11)) -> Linear Assets | D2: =IF(AND(Projects!D11="", Projects!B11=""), "", IF(Projects!D11="", "No OpCo", Projects!D11)) -> PSCo | E2: =IF(Projects!E11<>"",Projects!E11,"") -> Transmission and Distribution | F2: =IF(Projects!F11<>"",Projects!F11,"") -> 213.46973 | G2: =IF(Projects!G11<>"",Projects!G11,"") -> 46235 | H2: =IF(Projects!H11<>"",Projects!H11,"") -> 46327 | I2: =IF(Projects!I11<>"",Projects!I11,"") | J2: =IF(Projects!J11<>"",Projects!J11,"") -> 46631 | K2: =IF(Projects!K11<>"",Projects!K11,"") | L2: =IF(AND(Projects!E11<>"", Projects!F11<>""), INDEX('Duration Table'!$D$7:$H$17,MATCH(Projects!E11,'Duration Table'!$C$7:$C$17,0),MATCH(Projects!F11,'Duration Table'!$D$6:$H$6)), "" ) -> 36 | M2: {=_xlfn.IFS( G2<>"",G2, H2<>"",EDATE(H2,-0.25*L2), N2<>"",EDATE(N2,-0.25*L2), TRUE,"" )} -> 46235 | N2: {=_xlfn.IFS( H2<>"", H2, COUNT(G2,I2)=2, (G2 + (DATEDIF(G2,I2,"d")*0.5)), COUNT(G2,J2)=2, (G2 + (DATEDIF(G2,J2,"d")*0.25)), COUNT(G2,K2)=2, (G2 + ((DATEDIF(G2,K2,"d")-90)*0.25)), COUNT(I2,J2)=2, (I2 -(DATEDIF(I2,J2,"d")*0.5)), COUNT(I2,K2)=2, (I2 -((DATEDIF(I2,K2,"d")-90)*0.5)), G2<>"", EDATE(G2, + L2*0.25), I2<>"", EDATE(I2, - L2*0.25), J2<>"", EDATE(J2, - L2*0.75), K2<>"", EDATE(K2, -((L2*0.75)+3)), TRUE, "" )} -> 46327 | O2: {=_xlfn.IFS( I2<>"", I2, COUNT(H2,J2)=2, (H2 + (DATEDIF(H2,J2,"d")*0.33)), COUNT(H2,K2)=2, (H2 + ((DATEDIF(H2,K2,"d")-90)*0.33)), COUNT(G2,J2)=2, (G2 + DATEDIF(G2,J2,"d")*0.5), COUNT(G2,K2)=2, (G2 + (DATEDIF(G2,K2,"d")-90)*0.5), G2<>"", EDATE(G2, + L2*0.5), H2<>"", EDATE(H2, + L2*0.25), J2<>"", EDATE(J2, - L2*0.5), K2<>"", EDATE(K2, -((L2*0.5)+3)), TRUE, "" )} -> 46427.32 | P2: {=_xlfn.IFS( J2<>"", J2, K2<>"", EDATE(K2, -3), G2<>"", EDATE(G2, + L2), H2<>"", EDATE(H2, + L2*0.75), I2<>"", EDATE(I2, H L2*0.5), TRUE, "" )} -> 46631 | Q2: {=_xlfn.IFS( K2<>"",K2, J2<>"",EDATE(J2,3), P2<>"",EDATE(P2,3), TRUE,"" )} -> 46722
A3: =IF(AND(Projects!A12="", Projects!B12=""), "", IF(Projects!A12="", "Unassigned", Projects!A12)) -> Highlands Buildout | B3: =IF(Projects!B12<>"",Projects!B12,"") -> Canyon Crest Feeder Upgrade | C3: =IF(AND(Projects!C12="", Projects!B12=""), "", IF(Projects!C12="", "None", Projects!C12)) -> Linear Assets | D3: =IF(AND(Projects!D12="", Projects!B12=""), "", IF(Projects!D12="", "No OpCo", Projects!D12)) -> PSCo | E3: =IF(Projects!E12<>"",Projects!E12,"") -> Transmission and Distribution | F3: =IF(Projects!F12<>"",Projects!F12,"") -> 37.723744 | G3: =IF(Projects!G12<>"",Projects!G12,"") -> 46235 | H3: =IF(Projects!H12<>"",Projects!H12,"") -> 46266 | I3: =IF(Projects!I12<>"",Projects!I12,"") | J3: =IF(Projects!J12<>"",Projects!J12,"") -> 46691 | K3: =IF(Projects!K12<>"",Projects!K12,"") | L3: =IF(AND(Projects!E12<>"", Projects!F12<>""), INDEX('Duration Table'!$D$7:$H$17,MATCH(Projects!E12,'Duration Table'!$C$7:$C$17,0),MATCH(Projects!F12,'Duration Table'!$D$6:$H$6)), "" ) -> 18 | M3: {=_xlfn.IFS( G3<>"",G3, H3<>"",EDATE(H3,-0.25*L3), N3<>"",EDATE(N3,-0.25*L3), TRUE,"" )} -> 46235 | N3: {=_xlfn.IFS( H3<>"", H3, COUNT(G3,I3)=2, (G3 + (DATEDIF(G3,I3,"d")*0.5)), COUNT(G3,J3)=2, (G3 + (DATEDIF(G3,J3,"d")*0.25)), COUNT(G3,K3)=2, (G3 + ((DATEDIF(G3,K3,"d")-90)*0.25)), COUNT(I3,J3)=2, (I3 -(DATEDIF(I3,J3,"d")*0.5)), COUNT(I3,K3)=2, (I3 -((DATEDIF(I3,K3,"d")-90)*0.5)), G3<>"", EDATE(G3, + L3*0.25), I3<>"", EDATE(I3, - L3*0.25), J3<>"", EDATE(J3, - L3*0.75), K3<>"", EDATE(K3, -((L3*0.75)+3)), TRUE, "" )} -> 46266 | O3: {=_xlfn.IFS( I3<>"", I3, COUNT(H3,J3)=2, (H3 + (DATEDIF(H3,J3,"d")*0.33)), COUNT(H3,K3)=2, (H3 + ((DATEDIF(H3,K3,"d")-90)*0.33)), COUNT(G3,J3)=2, (G3 + DATEDIF(G3,J3,"d")*0.5), COUNT(G3,K3)=2, (G3 + (DATEDIF(G3,K3,"d")-90)*0.5), G3<>"", EDATE(G3, + L3*0.5), H3<>"", EDATE(H3, + L3*0.25), J3<>"", EDATE(J3, - L3*0.5), K3<>"", EDATE(K3, -((L3*0.5)+3)), TRUE, "" )} -> 46406.25 | P3: {=_xlfn.IFS( J3<>"", J3, K3<>"", EDATE(K3, -3), G3<>"", EDATE(G3, + L3), H3<>"", EDATE(H3, + L3*0.75), I3<>"", EDATE(I3, H L3*0.5), TRUE, "" )} -> 46691 | Q3: {=_xlfn.IFS( K3<>"",K3, J3<>"",EDATE(J3,3), P3<>"",EDATE(P3,3), TRUE,"" )} -> 46783
A4: =IF(AND(Projects!A13="", Projects!B13=""), "", IF(Projects!A13="", "Unassigned", Projects!A13)) -> Urban Renewal | B4: =IF(Projects!B13<>"",Projects!B13,"") -> Summit Crest 115‑kV Station | C4: =IF(AND(Projects!C13="", Projects!B13=""), "", IF(Projects!C13="", "None", Projects!C13)) -> Linear Assets | D4: =IF(AND(Projects!D13="", Projects!B13=""), "", IF(Projects!D13="", "No OpCo", Projects!D13)) -> SPS | E4: =IF(Projects!E13<>"",Projects!E13,"") -> Substation | F4: =IF(Projects!F13<>"",Projects!F13,"") -> 146 | G4: =IF(Projects!G13<>"",Projects!G13,"") -> 46235 | H4: =IF(Projects!H13<>"",Projects!H13,"") -> 46310 | I4: =IF(Projects!I13<>"",Projects!I13,"") | J4: =IF(Projects!J13<>"",Projects!J13,"") -> 46722 | K4: =IF(Projects!K13<>"",Projects!K13,"") | L4: =IF(AND(Projects!E13<>"", Projects!F13<>""), INDEX('Duration Table'!$D$7:$H$17,MATCH(Projects!E13,'Duration Table'!$C$7:$C$17,0),MATCH(Projects!F13,'Duration Table'!$D$6:$H$6)), "" ) -> 30 | M4: {=_xlfn.IFS( G4<>"",G4, H4<>"",EDATE(H4,-0.25*L4), N4<>"",EDATE(N4,-0.25*L4), TRUE,"" )} -> 46235 | N4: {=_xlfn.IFS( H4<>"", H4, COUNT(G4,I4)=2, (G4 + (DATEDIF(G4,I4,"d")*0.5)), COUNT(G4,J4)=2, (G4 + (DATEDIF(G4,J4,"d")*0.25)), COUNT(G4,K4)=2, (G4 + ((DATEDIF(G4,K4,"d")-90)*0.25)), COUNT(I4,J4)=2, (I4 -(DATEDIF(I4,J4,"d")*0.5)), COUNT(I4,K4)=2, (I4 -((DATEDIF(I4,K4,"d")-90)*0.5)), G4<>"", EDATE(G4, + L4*0.25), I4<>"", EDATE(I4, - L4*0.25), J4<>"", EDATE(J4, - L4*0.75), K4<>"", EDATE(K4, -((L4*0.75)+3)), TRUE, "" )} -> 46310 | O4: {=_xlfn.IFS( I4<>"", I4, COUNT(H4,J4)=2, (H4 + (DATEDIF(H4,J4,"d")*0.33)), COUNT(H4,K4)=2, (H4 + ((DATEDIF(H4,K4,"d")-90)*0.33)), COUNT(G4,J4)=2, (G4 + DATEDIF(G4,J4,"d")*0.5), COUNT(G4,K4)=2, (G4 + (DATEDIF(G4,K4,"d")-90)*0.5), G4<>"", EDATE(G4, + L4*0.5), H4<>"", EDATE(H4, + L4*0.25), J4<>"", EDATE(J4, - L4*0.5), K4<>"", EDATE(K4, -((L4*0.5)+3)), TRUE, "" )} -> 46445.96 | P4: {=_xlfn.IFS( J4<>"", J4, K4<>"", EDATE(K4, -3), G4<>"", EDATE(G4, + L4), H4<>"", EDATE(H4, + L4*0.75), I4<>"", EDATE(I4, H L4*0.5), TRUE, "" )} -> 46722 | Q4: {=_xlfn.IFS( K4<>"",K4, J4<>"",EDATE(J4,3), P4<>"",EDATE(P4,3), TRUE,"" )} -> 46813
A5: =IF(AND(Projects!A14="", Projects!B14=""), "", IF(Projects!A14="", "Unassigned", Projects!A14)) -> Urban Renewal | B5: =IF(Projects!B14<>"",Projects!B14,"") -> Canyon Winds Energy Center | C5: =IF(AND(Projects!C14="", Projects!B14=""), "", IF(Projects!C14="", "None", Projects!C14)) -> Fixed Assets | D5: =IF(AND(Projects!D14="", Projects!B14=""), "", IF(Projects!D14="", "No OpCo", Projects!D14)) -> PSCo | E5: =IF(Projects!E14<>"",Projects!E14,"") -> Wind | F5: =IF(Projects!F14<>"",Projects!F14,"") -> 345 | G5: =IF(Projects!G14<>"",Projects!G14,"") -> 46235 | H5: =IF(Projects!H14<>"",Projects!H14,"") -> 46236 | I5: =IF(Projects!I14<>"",Projects!I14,"") -> 46478 | J5: =IF(Projects!J14<>"",Projects!J14,"") -> 46966 | K5: =IF(Projects!K14<>"",Projects!K14,"") | L5: =IF(AND(Projects!E14<>"", Projects!F14<>""), INDEX('Duration Table'!$D$7:$H$17,MATCH(Projects!E14,'Duration Table'!$C$7:$C$17,0),MATCH(Projects!F14,'Duration Table'!$D$6:$H$6)), "" ) -> 36 | M5: {=_xlfn.IFS( G5<>"",G5, H5<>"",EDATE(H5,-0.25*L5), N5<>"",EDATE(N5,-0.25*L5), TRUE,"" )} -> 46235 | N5: {=_xlfn.IFS( H5<>"", H5, COUNT(G5,I5)=2, (G5 + (DATEDIF(G5,I5,"d")*0.5)), COUNT(G5,J5)=2, (G5 + (DATEDIF(G5,J5,"d")*0.25)), COUNT(G5,K5)=2, (G5 + ((DATEDIF(G5,K5,"d")-90)*0.25)), COUNT(I5,J5)=2, (I5 -(DATEDIF(I5,J5,"d")*0.5)), COUNT(I5,K5)=2, (I5 -((DATEDIF(I5,K5,"d")-90)*0.5)), G5<>"", EDATE(G5, + L5*0.25), I5<>"", EDATE(I5, - L5*0.25), J5<>"", EDATE(J5, - L5*0.75), K5<>"", EDATE(K5, -((L5*0.75)+3)), TRUE, "" )} -> 46236 | O5: {=_xlfn.IFS( I5<>"", I5, COUNT(H5,J5)=2, (H5 + (DATEDIF(H5,J5,"d")*0.33)), COUNT(H5,K5)=2, (H5 + ((DATEDIF(H5,K5,"d")-90)*0.33)), COUNT(G5,J5)=2, (G5 + DATEDIF(G5,J5,"d")*0.5), COUNT(G5,K5)=2, (G5 + (DATEDIF(G5,K5,"d")-90)*0.5), G5<>"", EDATE(G5, + L5*0.5), H5<>"", EDATE(H5, + L5*0.25), J5<>"", EDATE(J5, - L5*0.5), K5<>"", EDATE(K5, -((L5*0.5)+3)), TRUE, "" )} -> 46478 | P5: {=_xlfn.IFS( J5<>"", J5, K5<>"", EDATE(K5, -3), G5<>"", EDATE(G5, + L5), H5<>"", EDATE(H5, + L5*0.75), I5<>"", EDATE(I5, H L5*0.5), TRUE, "" )} -> 46966 | Q5: {=_xlfn.IFS( K5<>"",K5, J5<>"",EDATE(J5,3), P5<>"",EDATE(P5,3), TRUE,"" )} -> 47058
A6: =IF(AND(Projects!A15="", Projects!B15=""), "", IF(Projects!A15="", "Unassigned", Projects!A15)) -> Urban Renewal | B6: =IF(Projects!B15<>"",Projects!B15,"") -> Crystal Falls Turbine Renewal | C6: =IF(AND(Projects!C15="", Projects!B15=""), "", IF(Projects!C15="", "None", Projects!C15)) -> Fixed Assets | D6: =IF(AND(Projects!D15="", Projects!B15=""), "", IF(Projects!D15="", "No OpCo", Projects!D15)) -> PSCo | E6: =IF(Projects!E15<>"",Projects!E15,"") -> Hydro | F6: =IF(Projects!F15<>"",Projects!F15,"") -> 222 | G6: =IF(Projects!G15<>"",Projects!G15,"") | H6: =IF(Projects!H15<>"",Projects!H15,"") | I6: =IF(Projects!I15<>"",Projects!I15,"") | J6: =IF(Projects!J15<>"",Projects!J15,"") -> 47062 | K6: =IF(Projects!K15<>"",Projects!K15,"") | L6: =IF(AND(Projects!E15<>"", Projects!F15<>""), INDEX('Duration Table'!$D$7:$H$17,MATCH(Projects!E15,'Duration Table'!$C$7:$C$17,0),MATCH(Projects!F15,'Duration Table'!$D$6:$H$6)), "" ) -> 30 | M6: {=_xlfn.IFS( G6<>"",G6, H6<>"",EDATE(H6,-0.25*L6), N6<>"",EDATE(N6,-0.25*L6), TRUE,"" )} -> 46178 | N6: {=_xlfn.IFS( H6<>"", H6, COUNT(G6,I6)=2, (G6 + (DATEDIF(G6,I6,"d")*0.5)), COUNT(G6,J6)=2, (G6 + (DATEDIF(G6,J6,"d")*0.25)), COUNT(G6,K6)=2, (G6 + ((DATEDIF(G6,K6,"d")-90)*0.25)), COUNT(I6,J6)=2, (I6 -(DATEDIF(I6,J6,"d")*0.5)), COUNT(I6,K6)=2, (I6 -((DATEDIF(I6,K6,"d")-90)*0.5)), G6<>"", EDATE(G6, + L6*0.25), I6<>"", EDATE(I6, - L6*0.25), J6<>"", EDATE(J6, - L6*0.75), K6<>"", EDATE(K6, -((L6*0.75)+3)), TRUE, "" )} -> 46392 | O6: {=_xlfn.IFS( I6<>"", I6, COUNT(H6,J6)=2, (H6 + (DATEDIF(H6,J6,"d")*0.33)), COUNT(H6,K6)=2, (H6 + ((DATEDIF(H6,K6,"d")-90)*0.33)), COUNT(G6,J6)=2, (G6 + DATEDIF(G6,J6,"d")*0.5), COUNT(G6,K6)=2, (G6 + (DATEDIF(G6,K6,"d")-90)*0.5), G6<>"", EDATE(G6, + L6*0.5), H6<>"", EDATE(H6, + L6*0.25), J6<>"", EDATE(J6, - L6*0.5), K6<>"", EDATE(K6, -((L6*0.5)+3)), TRUE, "" )} -> 46604 | P6: {=_xlfn.IFS( J6<>"", J6, K6<>"", EDATE(K6, -3), G6<>"", EDATE(G6, + L6), H6<>"", EDATE(H6, + L6*0.75), I6<>"", EDATE(I6, H L6*0.5), TRUE, "" )} -> 47062 | Q6: {=_xlfn.IFS( K6<>"",K6, J6<>"",EDATE(J6,3), P6<>"",EDATE(P6,3), TRUE,"" )} -> 47154
A7: =IF(AND(Projects!A16="", Projects!B16=""), "", IF(Projects!A16="", "Unassigned", Projects!A16)) -> Southwest Energy Supply | B7: =IF(Projects!B16<>"",Projects!B16,"") -> Copper Ridge BESS Upgrade | C7: =IF(AND(Projects!C16="", Projects!B16=""), "", IF(Projects!C16="", "None", Projects!C16)) -> Fixed Assets | D7: =IF(AND(Projects!D16="", Projects!B16=""), "", IF(Projects!D16="", "No OpCo", Projects!D16)) -> SPS | E7: =IF(Projects!E16<>"",Projects!E16,"") -> BESS | F7: =IF(Projects!F16<>"",Projects!F16,"") -> 111 | G7: =IF(Projects!G16<>"",Projects!G16,"") -> 46266 | H7: =IF(Projects!H16<>"",Projects!H16,"") -> 46310 | I7: =IF(Projects!I16<>"",Projects!I16,"") | J7: =IF(Projects!J16<>"",Projects!J16,"") -> 47102 | K7: =IF(Projects!K16<>"",Projects!K16,"") | L7: =IF(AND(Projects!E16<>"", Projects!F16<>""), INDEX('Duration Table'!$D$7:$H$17,MATCH(Projects!E16,'Duration Table'!$C$7:$C$17,0),MATCH(Projects!F16,'Duration Table'!$D$6:$H$6)), "" ) -> 36 | M7: {=_xlfn.IFS( G7<>"",G7, H7<>"",EDATE(H7,-0.25*L7), N7<>"",EDATE(N7,-0.25*L7), TRUE,"" )} -> 46266 | N7: {=_xlfn.IFS( H7<>"", H7, COUNT(G7,I7)=2, (G7 + (DATEDIF(G7,I7,"d")*0.5)), COUNT(G7,J7)=2, (G7 + (DATEDIF(G7,J7,"d")*0.25)), COUNT(G7,K7)=2, (G7 + ((DATEDIF(G7,K7,"d")-90)*0.25)), COUNT(I7,J7)=2, (I7 -(DATEDIF(I7,J7,"d")*0.5)), COUNT(I7,K7)=2, (I7 -((DATEDIF(I7,K7,"d")-90)*0.5)), G7<>"", EDATE(G7, + L7*0.25), I7<>"", EDATE(I7, - L7*0.25), J7<>"", EDATE(J7, - L7*0.75), K7<>"", EDATE(K7, -((L7*0.75)+3)), TRUE, "" )} -> 46310 | O7: {=_xlfn.IFS( I7<>"", I7, COUNT(H7,J7)=2, (H7 + (DATEDIF(H7,J7,"d")*0.33)), COUNT(H7,K7)=2, (H7 + ((DATEDIF(H7,K7,"d")-90)*0.33)), COUNT(G7,J7)=2, (G7 + DATEDIF(G7,J7,"d")*0.5), COUNT(G7,K7)=2, (G7 + (DATEDIF(G7,K7,"d")-90)*0.5), G7<>"", EDATE(G7, + L7*0.5), H7<>"", EDATE(H7, + L7*0.25), J7<>"", EDATE(J7, - L7*0.5), K7<>"", EDATE(K7, -((L7*0.5)+3)), TRUE, "" )} -> 46571.36 | P7: {=_xlfn.IFS( J7<>"", J7, K7<>"", EDATE(K7, -3), G7<>"", EDATE(G7, + L7), H7<>"", EDATE(H7, + L7*0.75), I7<>"", EDATE(I7, H L7*0.5), TRUE, "" )} -> 47102 | Q7: {=_xlfn.IFS( K7<>"",K7, J7<>"",EDATE(J7,3), P7<>"",EDATE(P7,3), TRUE,"" )} -> 47192
A8: =IF(AND(Projects!A17="", Projects!B17=""), "", IF(Projects!A17="", "Unassigned", Projects!A17)) -> Highlands Buildout | B8: =IF(Projects!B17<>"",Projects!B17,"") -> High Plains 230‑kV Interconnect | C8: =IF(AND(Projects!C17="", Projects!B17=""), "", IF(Projects!C17="", "None", Projects!C17)) -> Linear Assets | D8: =IF(AND(Projects!D17="", Projects!B17=""), "", IF(Projects!D17="", "No OpCo", Projects!D17)) -> NSP | E8: =IF(Projects!E17<>"",Projects!E17,"") -> Substation | F8: =IF(Projects!F17<>"",Projects!F17,"") -> 188 | G8: =IF(Projects!G17<>"",Projects!G17,"") -> 46266 | H8: =IF(Projects!H17<>"",Projects!H17,"") -> 46327 | I8: =IF(Projects!I17<>"",Projects!I17,"") | J8: =IF(Projects!J17<>"",Projects!J17,"") -> 47102 | K8: =IF(Projects!K17<>"",Projects!K17,"") | L8: =IF(AND(Projects!E17<>"", Projects!F17<>""), INDEX('Duration Table'!$D$7:$H$17,MATCH(Projects!E17,'Duration Table'!$C$7:$C$17,0),MATCH(Projects!F17,'Duration Table'!$D$6:$H$6)), "" ) -> 30 | M8: {=_xlfn.IFS( G8<>"",G8, H8<>"",EDATE(H8,-0.25*L8), N8<>"",EDATE(N8,-0.25*L8), TRUE,"" )} -> 46266 | N8: {=_xlfn.IFS( H8<>"", H8, COUNT(G8,I8)=2, (G8 + (DATEDIF(G8,I8,"d")*0.5)), COUNT(G8,J8)=2, (G8 + (DATEDIF(G8,J8,"d")*0.25)), COUNT(G8,K8)=2, (G8 + ((DATEDIF(G8,K8,"d")-90)*0.25)), COUNT(I8,J8)=2, (I8 -(DATEDIF(I8,J8,"d")*0.5)), COUNT(I8,K8)=2, (I8 -((DATEDIF(I8,K8,"d")-90)*0.5)), G8<>"", EDATE(G8, + L8*0.25), I8<>"", EDATE(I8, - L8*0.25), J8<>"", EDATE(J8, - L8*0.75), K8<>"", EDATE(K8, -((L8*0.75)+3)), TRUE, "" )} -> 46327 | O8: {=_xlfn.IFS( I8<>"", I8, COUNT(H8,J8)=2, (H8 + (DATEDIF(H8,J8,"d")*0.33)), COUNT(H8,K8)=2, (H8 + ((DATEDIF(H8,K8,"d")-90)*0.33)), COUNT(G8,J8)=2, (G8 + DATEDIF(G8,J8,"d")*0.5), COUNT(G8,K8)=2, (G8 + (DATEDIF(G8,K8,"d")-90)*0.5), G8<>"", EDATE(G8, + L8*0.5), H8<>"", EDATE(H8, + L8*0.25), J8<>"", EDATE(J8, - L8*0.5), K8<>"", EDATE(K8, -((L8*0.5)+3)), TRUE, "" )} -> 46582.75 | P8: {=_xlfn.IFS( J8<>"", J8, K8<>"", EDATE(K8, -3), G8<>"", EDATE(G8, + L8), H8<>"", EDATE(H8, + L8*0.75), I8<>"", EDATE(I8, H L8*0.5), TRUE, "" )} -> 47102 | Q8: {=_xlfn.IFS( K8<>"",K8, J8<>"",EDATE(J8,3), P8<>"",EDATE(P8,3), TRUE,"" )} -> 47192
A9: =IF(AND(Projects!A18="", Projects!B18=""), "", IF(Projects!A18="", "Unassigned", Projects!A18)) -> Southwest Energy Supply | B9: =IF(Projects!B18<>"",Projects!B18,"") -> Redstone Thermal Repower | C9: =IF(AND(Projects!C18="", Projects!B18=""), "", IF(Projects!C18="", "None", Projects!C18)) -> Fixed Assets | D9: =IF(AND(Projects!D18="", Projects!B18=""), "", IF(Projects!D18="", "No OpCo", Projects!D18)) -> NSP | E9: =IF(Projects!E18<>"",Projects!E18,"") -> Thermal | F9: =IF(Projects!F18<>"",Projects!F18,"") -> 642 | G9: =IF(Projects!G18<>"",Projects!G18,"") -> 46296 | H9: =IF(Projects!H18<>"",Projects!H18,"") -> 46357 | I9: =IF(Projects!I18<>"",Projects!I18,"") | J9: =IF(Projects!J18<>"",Projects!J18,"") -> 47116 | K9: =IF(Projects!K18<>"",Projects!K18,"") | L9: =IF(AND(Projects!E18<>"", Projects!F18<>""), INDEX('Duration Table'!$D$7:$H$17,MATCH(Projects!E18,'Duration Table'!$C$7:$C$17,0),MATCH(Projects!F18,'Duration Table'!$D$6:$H$6)), "" ) -> 36 | M9: {=_xlfn.IFS( G9<>"",G9, H9<>"",EDATE(H9,-0.25*L9), N9<>"",EDATE(N9,-0.25*L9), TRUE,"" )} -> 46296 | N9: {=_xlfn.IFS( H9<>"", H9, COUNT(G9,I9)=2, (G9 + (DATEDIF(G9,I9,"d")*0.5)), COUNT(G9,J9)=2, (G9 + (DATEDIF(G9,J9,"d")*0.25)), COUNT(G9,K9)=2, (G9 + ((DATEDIF(G9,K9,"d")-90)*0.25)), COUNT(I9,J9)=2, (I9 -(DATEDIF(I9,J9,"d")*0.5)), COUNT(I9,K9)=2, (I9 -((DATEDIF(I9,K9,"d")-90)*0.5)), G9<>"", EDATE(G9, + L9*0.25), I9<>"", EDATE(I9, - L9*0.25), J9<>"", EDATE(J9, - L9*0.75), K9<>"", EDATE(K9, -((L9*0.75)+3)), TRUE, "" )} -> 46357 | O9: {=_xlfn.IFS( I9<>"", I9, COUNT(H9,J9)=2, (H9 + (DATEDIF(H9,J9,"d")*0.33)), COUNT(H9,K9)=2, (H9 + ((DATEDIF(H9,K9,"d")-90)*0.33)), COUNT(G9,J9)=2, (G9 + DATEDIF(G9,J9,"d")*0.5), COUNT(G9,K9)=2, (G9 + (DATEDIF(G9,K9,"d")-90)*0.5), G9<>"", EDATE(G9, + L9*0.5), H9<>"", EDATE(H9, + L9*0.25), J9<>"", EDATE(J9, - L9*0.5), K9<>"", EDATE(K9, -((L9*0.5)+3)), TRUE, "" )} -> 46607.47 | P9: {=_xlfn.IFS( J9<>"", J9, K9<>"", EDATE(K9, -3), G9<>"", EDATE(G9, + L9), H9<>"", EDATE(H9, + L9*0.75), I9<>"", EDATE(I9, H L9*0.5), TRUE, "" )} -> 47116 | Q9: {=_xlfn.IFS( K9<>"",K9, J9<>"",EDATE(J9,3), P9<>"",EDATE(P9,3), TRUE,"" )} -> 47206
A10: =IF(AND(Projects!A19="", Projects!B19=""), "", IF(Projects!A19="", "Unassigned", Projects!A19)) -> Circuit 9991 | B10: =IF(Projects!B19<>"",Projects!B19,"") -> Silverline Substation Expansion | C10: =IF(AND(Projects!C19="", Projects!B19=""), "", IF(Projects!C19="", "None", Projects!C19)) -> Linear Assets | D10: =IF(AND(Projects!D19="", Projects!B19=""), "", IF(Projects!D19="", "No OpCo", Projects!D19)) -> PSCo | E10: =IF(Projects!E19<>"",Projects!E19,"") -> Transmission and Distribution | F10: =IF(Projects!F19<>"",Projects!F19,"") -> 132.30227 | G10: =IF(Projects!G19<>"",Projects!G19,"") | H10: =IF(Projects!H19<>"",Projects!H19,"") | I10: =IF(Projects!I19<>"",Projects!I19,"") -> 46874 | J10: =IF(Projects!J19<>"",Projects!J19,"") -> 47170 | K10: =IF(Projects!K19<>"",Projects!K19,"") | L10: =IF(AND(Projects!E19<>"", Projects!F19<>""), INDEX('Duration Table'!$D$7:$H$17,MATCH(Projects!E19,'Duration Table'!$C$7:$C$17,0),MATCH(Projects!F19,'Duration Table'!$D$6:$H$6)), "" ) -> 36 | M10: {=_xlfn.IFS( G10<>"",G10, H10<>"",EDATE(H10,-0.25*L10), N10<>"",EDATE(N10,-0.25*L10), TRUE,"" )} -> 46451 | N10: {=_xlfn.IFS( H10<>"", H10, COUNT(G10,I10)=2, (G10 + (DATEDIF(G10,I10,"d")*0.5)), COUNT(G10,J10)=2, (G10 + (DATEDIF(G10,J10,"d")*0.25)), COUNT(G10,K10)=2, (G10 + ((DATEDIF(G10,K10,"d")-90)*0.25)), COUNT(I10,J10)=2, (I10 -(DATEDIF(I10,J10,"d")*0.5)), COUNT(I10,K10)=2, (I10 -((DATEDIF(I10,K10,"d")-90)*0.5)), G10<>"", EDATE(G10, + L10*0.25), I10<>"", EDATE(I10, - L10*0.25), J10<>"", EDATE(J10, - L10*0.75), K10<>"", EDATE(K10, -((L10*0.75)+3)), TRUE, "" )} -> 46726 | O10: {=_xlfn.IFS( I10<>"", I10, COUNT(H10,J10)=2, (H10 + (DATEDIF(H10,J10,"d")*0.33)), COUNT(H10,K10)=2, (H10 + ((DATEDIF(H10,K10,"d")-90)*0.33)), COUNT(G10,J10)=2, (G10 + DATEDIF(G10,J10,"d")*0.5), COUNT(G10,K10)=2, (G10 + (DATEDIF(G10,K10,"d")-90)*0.5), G10<>"", EDATE(G10, + L10*0.5), H10<>"", EDATE(H10, + L10*0.25), J10<>"", EDATE(J10, - L10*0.5), K10<>"", EDATE(K10, -((L10*0.5)+3)), TRUE, "" )} -> 46874 | P10: {=_xlfn.IFS( J10<>"", J10, K10<>"", EDATE(K10, -3), G10<>"", EDATE(G10, + L10), H10<>"", EDATE(H10, + L10*0.75), I10<>"", EDATE(I10, H L10*0.5), TRUE, "" )} -> 47170 | Q10: {=_xlfn.IFS( K10<>"",K10, J10<>"",EDATE(J10,3), P10<>"",EDATE(P10,3), TRUE,"" )} -> 47259
A11: =IF(AND(Projects!A20="", Projects!B20=""), "", IF(Projects!A20="", "Unassigned", Projects!A20)) -> Circuit 9991 | B11: =IF(Projects!B20<>"",Projects!B20,"") -> Aurora Grid Upgrade | C11: =IF(AND(Projects!C20="", Projects!B20=""), "", IF(Projects!C20="", "None", Projects!C20)) -> Linear Assets | D11: =IF(AND(Projects!D20="", Projects!B20=""), "", IF(Projects!D20="", "No OpCo", Projects!D20)) -> PSCo | E11: =IF(Projects!E20<>"",Projects!E20,"") -> Transmission and Distribution | F11: =IF(Projects!F20<>"",Projects!F20,"") -> 187.68892 | G11: =IF(Projects!G20<>"",Projects!G20,"") -> 46296 | H11: =IF(Projects!H20<>"",Projects!H20,"") -> 46357 | I11: =IF(Projects!I20<>"",Projects!I20,"") | J11: =IF(Projects!J20<>"",Projects!J20,"") -> 47257 | K11: =IF(Projects!K20<>"",Projects!K20,"") | L11: =IF(AND(Projects!E20<>"", Projects!F20<>""), INDEX('Duration Table'!$D$7:$H$17,MATCH(Projects!E20,'Duration Table'!$C$7:$C$17,0),MATCH(Projects!F20,'Duration Table'!$D$6:$H$6)), "" ) -> 36 | M11: {=_xlfn.IFS( G11<>"",G11, H11<>"",EDATE(H11,-0.25*L11), N11<>"",EDATE(N11,-0.25*L11), TRUE,"" )} -> 46296 | N11: {=_xlfn.IFS( H11<>"", H11, COUNT(G11,I11)=2, (G11 + (DATEDIF(G11,I11,"d")*0.5)), COUNT(G11,J11)=2, (G11 + (DATEDIF(G11,J11,"d")*0.25)), COUNT(G11,K11)=2, (G11 + ((DATEDIF(G11,K11,"d")-90)*0.25)), COUNT(I11,J11)=2, (I11 -(DATEDIF(I11,J11,"d")*0.5)), COUNT(I11,K11)=2, (I11 -((DATEDIF(I11,K11,"d")-90)*0.5)), G11<>"", EDATE(G11, + L11*0.25), I11<>"", EDATE(I11, - L11*0.25), J11<>"", EDATE(J11, - L11*0.75), K11<>"", EDATE(K11, -((L11*0.75)+3)), TRUE, "" )} -> 46357 | O11: {=_xlfn.IFS( I11<>"", I11, COUNT(H11,J11)=2, (H11 + (DATEDIF(H11,J11,"d")*0.33)), COUNT(H11,K11)=2, (H11 + ((DATEDIF(H11,K11,"d")-90)*0.33)), COUNT(G11,J11)=2, (G11 + DATEDIF(G11,J11,"d")*0.5), COUNT(G11,K11)=2, (G11 + (DATEDIF(G11,K11,"d")-90)*0.5), G11<>"", EDATE(G11, + L11*0.5), H11<>"", EDATE(H11, + L11*0.25), J11<>"", EDATE(J11, - L11*0.5), K11<>"", EDATE(K11, -((L11*0.5)+3)), TRUE, "" )} -> 46654 | P11: {=_xlfn.IFS( J11<>"", J11, K11<>"", EDATE(K11, -3), G11<>"", EDATE(G11, + L11), H11<>"", EDATE(H11, + L11*0.75), I11<>"", EDATE(I11, H L11*0.5), TRUE, "" )} -> 47257 | Q11: {=_xlfn.IFS( K11<>"",K11, J11<>"",EDATE(J11,3), P11<>"",EDATE(P11,3), TRUE,"" )} -> 47349
A12: =IF(AND(Projects!A21="", Projects!B21=""), "", IF(Projects!A21="", "Unassigned", Projects!A21)) -> Southwest Energy Supply | B12: =IF(Projects!B21<>"",Projects!B21,"") -> Canyon Crest CHP Project | C12: =IF(AND(Projects!C21="", Projects!B21=""), "", IF(Projects!C21="", "None", Projects!C21)) -> Fixed Assets | D12: =IF(AND(Projects!D21="", Projects!B21=""), "", IF(Projects!D21="", "No OpCo", Projects!D21)) -> NSP | E12: =IF(Projects!E21<>"",Projects!E21,"") -> Thermal | F12: =IF(Projects!F21<>"",Projects!F21,"") -> 170 | G12: =IF(Projects!G21<>"",Projects!G21,"") | H12: =IF(Projects!H21<>"",Projects!H21,"") | I12: =IF(Projects!I21<>"",Projects!I21,"") | J12: =IF(Projects!J21<>"",Projects!J21,"") -> 47270 | K12: =IF(Projects!K21<>"",Projects!K21,"") | L12: =IF(AND(Projects!E21<>"", Projects!F21<>""), INDEX('Duration Table'!$D$7:$H$17,MATCH(Projects!E21,'Duration Table'!$C$7:$C$17,0),MATCH(Projects!F21,'Duration Table'!$D$6:$H$6)), "" ) -> 30 | M12: {=_xlfn.IFS( G12<>"",G12, H12<>"",EDATE(H12,-0.25*L12), N12<>"",EDATE(N12,-0.25*L12), TRUE,"" )} -> 46388 | N12: {=_xlfn.IFS( H12<>"", H12, COUNT(G12,I12)=2, (G12 + (DATEDIF(G12,I12,"d")*0.5)), COUNT(G12,J12)=2, (G12 + (DATEDIF(G12,J12,"d")*0.25)), COUNT(G12,K12)=2, (G12 + ((DATEDIF(G12,K12,"d")-90)*0.25)), COUNT(I12,J12)=2, (I12 -(DATEDIF(I12,J12,"d")*0.5)), COUNT(I12,K12)=2, (I12 -((DATEDIF(I12,K12,"d")-90)*0.5)), G12<>"", EDATE(G12, + L12*0.25), I12<>"", EDATE(I12, - L12*0.25), J12<>"", EDATE(J12, - L12*0.75), K12<>"", EDATE(K12, -((L12*0.75)+3)), TRUE, "" )} -> 46600 | O12: {=_xlfn.IFS( I12<>"", I12, COUNT(H12,J12)=2, (H12 + (DATEDIF(H12,J12,"d")*0.33)), COUNT(H12,K12)=2, (H12 + ((DATEDIF(H12,K12,"d")-90)*0.33)), COUNT(G12,J12)=2, (G12 + DATEDIF(G12,J12,"d")*0.5), COUNT(G12,K12)=2, (G12 + (DATEDIF(G12,K12,"d")-90)*0.5), G12<>"", EDATE(G12, + L12*0.5), H12<>"", EDATE(H12, + L12*0.25), J12<>"", EDATE(J12, - L12*0.5), K12<>"", EDATE(K12, -((L12*0.5)+3)), TRUE, "" )} -> 46813 | P12: {=_xlfn.IFS( J12<>"", J12, K12<>"", EDATE(K12, -3), G12<>"", EDATE(G12, + L12), H12<>"", EDATE(H12, + L12*0.75), I12<>"", EDATE(I12, H L12*0.5), TRUE, "" )} -> 47270 | Q12: {=_xlfn.IFS( K12<>"",K12, J12<>"",EDATE(J12,3), P12<>"",EDATE(P12,3), TRUE,"" )} -> 47362
A13: =IF(AND(Projects!A22="", Projects!B22=""), "", IF(Projects!A22="", "Unassigned", Projects!A22)) -> Highlands Buildout | B13: =IF(Projects!B22<>"",Projects!B22,"") -> Desert Bloom Solar Array | C13: =IF(AND(Projects!C22="", Projects!B22=""), "", IF(Projects!C22="", "None", Projects!C22)) -> Fixed Assets | D13: =IF(AND(Projects!D22="", Projects!B22=""), "", IF(Projects!D22="", "No OpCo", Projects!D22)) -> NSP | E13: =IF(Projects!E22<>"",Projects!E22,"") -> Solar | F13: =IF(Projects!F22<>"",Projects!F22,"") -> 423.42226 | G13: =IF(Projects!G22<>"",Projects!G22,"") -> 46235 | H13: =IF(Projects!H22<>"",Projects!H22,"") -> 46327 | I13: =IF(Projects!I22<>"",Projects!I22,"") | J13: =IF(Projects!J22<>"",Projects!J22,"") -> 47298 | K13: =IF(Projects!K22<>"",Projects!K22,"") | L13: =IF(AND(Projects!E22<>"", Projects!F22<>""), INDEX('Duration Table'!$D$7:$H$17,MATCH(Projects!E22,'Duration Table'!$C$7:$C$17,0),MATCH(Projects!F22,'Duration Table'!$D$6:$H$6)), "" ) -> 36 | M13: {=_xlfn.IFS( G13<>"",G13, H13<>"",EDATE(H13,-0.25*L13), N13<>"",EDATE(N13,-0.25*L13), TRUE,"" )} -> 46235 | N13: {=_xlfn.IFS( H13<>"", H13, COUNT(G13,I13)=2, (G13 + (DATEDIF(G13,I13,"d")*0.5)), COUNT(G13,J13)=2, (G13 + (DATEDIF(G13,J13,"d")*0.25)), COUNT(G13,K13)=2, (G13 + ((DATEDIF(G13,K13,"d")-90)*0.25)), COUNT(I13,J13)=2, (I13 -(DATEDIF(I13,J13,"d")*0.5)), COUNT(I13,K13)=2, (I13 -((DATEDIF(I13,K13,"d")-90)*0.5)), G13<>"", EDATE(G13, + L13*0.25), I13<>"", EDATE(I13, - L13*0.25), J13<>"", EDATE(J13, - L13*0.75), K13<>"", EDATE(K13, -((L13*0.75)+3)), TRUE, "" )} -> 46327 | O13: {=_xlfn.IFS( I13<>"", I13, COUNT(H13,J13)=2, (H13 + (DATEDIF(H13,J13,"d")*0.33)), COUNT(H13,K13)=2, (H13 + ((DATEDIF(H13,K13,"d")-90)*0.33)), COUNT(G13,J13)=2, (G13 + DATEDIF(G13,J13,"d")*0.5), COUNT(G13,K13)=2, (G13 + (DATEDIF(G13,K13,"d")-90)*0.5), G13<>"", EDATE(G13, + L13*0.5), H13<>"", EDATE(H13, + L13*0.25), J13<>"", EDATE(J13, - L13*0.5), K13<>"", EDATE(K13, -((L13*0.5)+3)), TRUE, "" )} -> 46647.43 | P13: {=_xlfn.IFS( J13<>"", J13, K13<>"", EDATE(K13, -3), G13<>"", EDATE(G13, + L13), H13<>"", EDATE(H13, + L13*0.75), I13<>"", EDATE(I13, H L13*0.5), TRUE, "" )} -> 47298 | Q13: {=_xlfn.IFS( K13<>"",K13, J13<>"",EDATE(J13,3), P13<>"",EDATE(P13,3), TRUE,"" )} -> 47390
... A268: =IF(AND(Projects!A277="", Projects!B277=""), "", IF(Projects!A277="", "Unassigned", Projects!A277)) | B268: =IF(Projects!B277<>"",Projects!B277,"") | C268: =IF(AND(Projects!C277="", Projects!B277=""), "", IF(Projects!C277="", "None", Projects!C277)) | D268: =IF(AND(Projects!D277="", Projects!B277=""), "", IF(Projects!D277="", "No OpCo", Projects!D277)) | E268: =IF(Projects!E277<>"",Projects!E277,"") | F268: =IF(Projects!F277<>"",Projects!F277,"") | G268: =IF(Projects!G277<>"",Projects!G277,"") | H268: =IF(Projects!H277<>"",Projects!H277,"") | I268: =IF(Projects!I277<>"",Projects!I277,"") | J268: =IF(Projects!J277<>"",Projects!J277,"") | K268: =IF(Projects!K277<>"",Projects!K277,"") | L268: =IF(AND(Projects!E277<>"", Projects!F277<>""), INDEX('Duration Table'!$D$7:$H$17,MATCH(Projects!E277,'Duration Table'!$C$7:$C$17,0),MATCH(Projects!F277,'Duration Table'!$D$6:$H$6)), "" ) | M268: {=_xlfn.IFS( G268<>"",G268, H268<>"",EDATE(H268,-0.25*L268), N268<>"",EDATE(N268,-0.25*L268), TRUE,"" )} | N268: {=_xlfn.IFS( H268<>"", H268, COUNT(G268,I268)=2, (G268 + (DATEDIF(G268,I268,"d")*0.5)), COUNT(G268,J268)=2, (G268 + (DATEDIF(G268,J268,"d")*0.25)), COUNT(G268,K268)=2, (G268 + ((DATEDIF(G268,K268,"d")-90)*0.25)), COUNT(I268,J268)=2, (I268 -(DATEDIF(I268,J268,"d")*0.5)), COUNT(I268,K268)=2, (I268 -((DATEDIF(I268,K268,"d")-90)*0.5)), G268<>"", EDATE(G268, + L268*0.25), I268<>"", EDATE(I268, - L268*0.25), J268<>"", EDATE(J268, - L268*0.75), K268<>"", EDATE(K268, -((L268*0.75)+3)), TRUE, "" )} | O268: {=_xlfn.IFS( I268<>"", I268, COUNT(H268,J268)=2, (H268 + (DATEDIF(H268,J268,"d")*0.33)), COUNT(H268,K268)=2, (H268 + ((DATEDIF(H268,K268,"d")-90)*0.33)), COUNT(G268,J268)=2, (G268 + DATEDIF(G268,J268,"d")*0.5), COUNT(G268,K268)=2, (G268 + (DATEDIF(G268,K268,"d")-90)*0.5), G268<>"", EDATE(G268, + L268*0.5), H268<>"", EDATE(H268, + L268*0.25), J268<>"", EDATE(J268, - L268*0.5), K268<>"", EDATE(K268, -((L268*0.5)+3)), TRUE, "" )} | P268: {=_xlfn.IFS( J268<>"", J268, K268<>"", EDATE(K268, -3), G268<>"", EDATE(G268, + L268), H268<>"", EDATE(H268, + L268*0.75), I268<>"", EDATE(I268, H L268*0.5), TRUE, "" )} | Q268: {=_xlfn.IFS( K268<>"",K268, J268<>"",EDATE(J268,3), P268<>"",EDATE(P268,3), TRUE,"" )}

Sheet All Resource Bases
A1: Resource Name | B1: Project Archetype | C1: Resource Category | D1: 1 | E1: 2 | F1: 3 | G1: 4 | H1: 5 | I1: 6 | J1: 7 | K1: 8 | L1: 9 | M1: 10 | N1: 11 | O1: 12 | P1: 13 | Q1: 14 | R1: 15 | S1: 16 | T1: 17 | U1: 18 | V1: 19 | W1: 20 | X1: 21 | Y1: 22 | Z1: 23 | AA1: 24 | AB1: 25 | AC1: 26 | AD1: 27
A2: {=_xlfn.VSTACK(Table1[], Table2[], Table3[],Table4[], Table5[], Table6[],Table7[], Table8[], Table9[], Table912[],Table91214[])} -> Project Manager | B2: Transmission and Distribution | C2: Project Management | D2: 0.25 | E2: 0.25 | F2: 0.25 | G2: 0.45 | H2: 0.45 | I2: 0.45 | J2: 0.65 | K2: 0.65 | L2: 0.65 | M2: 0.85 | N2: 0.85 | O2: 0.85 | P2: 0.85 | Q2: 0.85 | R2: 0.85 | S2: 0.85 | T2: 0.85 | U2: 0.85 | V2: 0.85 | W2: 0.85 | X2: 0.85 | Y2: 0.85 | Z2: 0.85 | AA2: 0.85 | AB2: 0.5 | AC2: 0.4 | AD2: 0.25
A3: Project Engineer | B3: Transmission and Distribution | C3: Project Management | D3: 0.05 | E3: 0.05 | F3: 0.05 | G3: 0.05 | H3: 0.05 | I3: 0.05 | J3: 0.05 | K3: 0.05 | L3: 0.05 | M3: 0.05 | N3: 0.05 | O3: 0.05 | P3: 0.05 | Q3: 0.05 | R3: 0.05 | S3: 0.05 | T3: 0.05 | U3: 0.05 | V3: 0.05 | W3: 0.05 | X3: 0.05 | Y3: 0.05 | Z3: 0.05 | AA3: 0.05 | AB3: 0.05 | AC3: 0.05 | AD3: 0.05
A4: Project Coordinator | B4: Transmission and Distribution | C4: Project Management | D4: 0.05 | E4: 0.05 | F4: 0.1 | G4: 0.1 | H4: 0.15 | I4: 0.15 | J4: 0.25 | K4: 0.25 | L4: 0.25 | M4: 0.25 | N4: 0.25 | O4: 0.25 | P4: 0.25 | Q4: 0.25 | R4: 0.25 | S4: 0.25 | T4: 0.25 | U4: 0.25 | V4: 0.25 | W4: 0.25 | X4: 0.25 | Y4: 0.25 | Z4: 0.25 | AA4: 0.25 | AB4: 0.25 | AC4: 0.25 | AD4: 0.25
A5: Overhead OE Transmission Line Engineer | B5: Transmission and Distribution | C5: Engineering | D5: 0.05 | E5: 0.05 | F5: 0.05 | G5: 0.05 | H5: 0.05 | I5: 0.05 | J5: 0.1 | K5: 0.1 | L5: 0.1 | M5: 0.1 | N5: 0.1 | O5: 0.1 | P5: 0.1 | Q5: 0.1 | R5: 0.1 | S5: 0.1 | T5: 0.1 | U5: 0.1 | V5: 0.1 | W5: 0.1 | X5: 0.1 | Y5: 0.1 | Z5: 0.1 | AA5: 0.1 | AB5: 0.05 | AC5: 0.05 | AD5: 0
A6: Underground OE Transmission Line Engineer | B6: Transmission and Distribution | C6: Engineering | D6: 0.05 | E6: 0.05 | F6: 0.05 | G6: 0.05 | H6: 0.05 | I6: 0.05 | J6: 0.1 | K6: 0.1 | L6: 0.1 | M6: 0.1 | N6: 0.1 | O6: 0.1 | P6: 0.1 | Q6: 0.1 | R6: 0.1 | S6: 0.1 | T6: 0.1 | U6: 0.1 | V6: 0.1 | W6: 0.1 | X6: 0.1 | Y6: 0.1 | Z6: 0.1 | AA6: 0.1 | AB6: 0.05 | AC6: 0.05 | AD6: 0
A7: Mechanical Engineer | B7: Transmission and Distribution | C7: Engineering | D7: 0.05 | E7: 0.05 | F7: 0.05 | G7: 0.05 | H7: 0.05 | I7: 0.05 | J7: 0.1 | K7: 0.1 | L7: 0.1 | M7: 0.1 | N7: 0.1 | O7: 0.1 | P7: 0.1 | Q7: 0.1 | R7: 0.1 | S7: 0.1 | T7: 0.1 | U7: 0.1 | V7: 0.1 | W7: 0.1 | X7: 0.1 | Y7: 0.1 | Z7: 0.1 | AA7: 0.1 | AB7: 0.05 | AC7: 0.05 | AD7: 0
A8: Construction Manager | B8: Transmission and Distribution | C8: Construction Monitoring | D8: 0 | E8: 0 | F8: 0 | G8: 0.25 | H8: 0.25 | I8: 0.25 | J8: 0.5 | K8: 0.5 | L8: 0.5 | M8: 0.75 | N8: 0.75 | O8: 0.75 | P8: 0.75 | Q8: 0.75 | R8: 0.75 | S8: 0.75 | T8: 0.75 | U8: 0.75 | V8: 0.75 | W8: 0.75 | X8: 0.75 | Y8: 0.75 | Z8: 0.75 | AA8: 0.75 | AB8: 0.5 | AC8: 0.4 | AD8: 0.25
A9: H&S Field | B9: Transmission and Distribution | C9: Construction Monitoring | D9: 0 | E9: 0 | F9: 0 | G9: 0 | H9: 0 | I9: 0 | J9: 0 | K9: 0 | L9: 0 | M9: 0 | N9: 0 | O9: 0 | P9: 0.5 | Q9: 0.5 | R9: 0.5 | S9: 0.5 | T9: 0.5 | U9: 0.5 | V9: 0.5 | W9: 0.5 | X9: 0.5 | Y9: 0.5 | Z9: 0.5 | AA9: 0.5 | AB9: 0.25 | AC9: 0.15 | AD9: 0
A10: Estimator | B10: Transmission and Distribution | C10: Project Controls | D10: 0.1 | E10: 0.1 | F10: 0.1 | G10: 0.1 | H10: 0.1 | I10: 0.1 | J10: 0.15 | K10: 0.15 | L10: 0.15 | M10: 0.15 | N10: 0.15 | O10: 0.15 | P10: 0.1 | Q10: 0.1 | R10: 0.1 | S10: 0.1 | T10: 0.1 | U10: 0.1 | V10: 0.1 | W10: 0.1 | X10: 0.1 | Y10: 0.1 | Z10: 0.1 | AA10: 0.1 | AB10: 0.05 | AC10: 0.05 | AD10: 0.05
A11: Risk Analyst | B11: Transmission and Distribution | C11: Project Controls | D11: 0.1 | E11: 0.1 | F11: 0.1 | G11: 0.1 | H11: 0.1 | I11: 0.1 | J11: 0.1 | K11: 0.1 | L11: 0.1 | M11: 0.1 | N11: 0.1 | O11: 0.1 | P11: 0.1 | Q11: 0.1 | R11: 0.1 | S11: 0.1 | T11: 0.1 | U11: 0.1 | V11: 0.1 | W11: 0.1 | X11: 0.1 | Y11: 0.1 | Z11: 0.1 | AA11: 0.1 | AB11: 0.05 | AC11: 0.05 | AD11: 0.05
A12: Document Control Specialist | B12: Transmission and Distribution | C12: Project Controls | D12: 0.1 | E12: 0.1 | F12: 0.1 | G12: 0.1 | H12: 0.1 | I12: 0.1 | J12: 0.1 | K12: 0.1 | L12: 0.1 | M12: 0.1 | N12: 0.1 | O12: 0.1 | P12: 0.2 | Q12: 0.2 | R12: 0.2 | S12: 0.2 | T12: 0.2 | U12: 0.2 | V12: 0.2 | W12: 0.2 | X12: 0.2 | Y12: 0.2 | Z12: 0.2 | AA12: 0.2 | AB12: 0.25 | AC12: 0.25 | AD12: 0.25
A13: Scheduler | B13: Transmission and Distribution | C13: Project Controls | D13: 0.2 | E13: 0.2 | F13: 0.2 | G13: 0.2 | H13: 0.2 | I13: 0.2 | J13: 0.2 | K13: 0.2 | L13: 0.2 | M13: 0.2 | N13: 0.2 | O13: 0.2 | P13: 0.2 | Q13: 0.2 | R13: 0.2 | S13: 0.2 | T13: 0.2 | U13: 0.2 | V13: 0.2 | W13: 0.2 | X13: 0.2 | Y13: 0.2 | Z13: 0.2 | AA13: 0.2 | AB13: 0.05 | AC13: 0.05 | AD13: 0.05
A14: Cost Controls | B14: Transmission and Distribution | C14: Project Controls | D14: 0.2 | E14: 0.2 | F14: 0.2 | G14: 0.2 | H14: 0.2 | I14: 0.2 | J14: 0.45 | K14: 0.45 | L14: 0.45 | M14: 0.45 | N14: 0.45 | O14: 0.45 | P14: 0.45 | Q14: 0.45 | R14: 0.45 | S14: 0.45 | T14: 0.45 | U14: 0.45 | V14: 0.45 | W14: 0.45 | X14: 0.45 | Y14: 0.45 | Z14: 0.45 | AA14: 0.45 | AB14: 0.15 | AC14: 0.15 | AD14: 0.15
... A165: Cost Controls | B165: New Archetype 2 | C165: Project Controls | D165: 0 | E165: 0 | F165: 0 | G165: 0 | H165: 0 | I165: 0 | J165: 0 | K165: 0 | L165: 0 | M165: 0 | N165: 0 | O165: 0 | P165: 0 | Q165: 0 | R165: 0 | S165: 0 | T165: 0 | U165: 0 | V165: 0 | W165: 0 | X165: 0 | Y165: 0 | Z165: 0 | AA165: 0 | AB165: 0 | AC165: 0 | AD165: 0

Sheet All Program Resources
A1: Resource Title | B1: Team | C1: Resource Category | D1: Startup | E1: Execution | F1: Closeout | G1: Startup Date | H1: Execution Start Date | I1: Closeout Start Date | J1: Closeout Date | K1: Program Duration
A2: {=_xlfn.VSTACK(Table10[])} -> Program Director | B2: Program | C2: Program Management | D2: 1 | E2: 0.75 | F2: 0.5 | G2: {=MIN(IF('Projects Adjusted'!$M:$M<>"", 'Projects Adjusted'!$M:$M))} -> 46178 | H2: =G2+('Program Resources'!$E$6*K2) -> 46378.4 | I2: =G2+(('Program Resources'!$E$6+'Program Resources'!$F$6)*K2) -> 47981.6 | J2: {=MAX(IF('Projects Adjusted'!$Q:$Q<>"", 'Projects Adjusted'!$Q:$Q))} -> 48182 | K2: =J2-G2 -> 2004
A3: Program Operations Lead | B3: Program | C3: Program Management | D3: 0 | E3: 0 | F3: 0 | G3: {=MIN(IF('Projects Adjusted'!$M:$M<>"", 'Projects Adjusted'!$M:$M))} -> 46178 | H3: =G3+('Program Resources'!$E$6*K3) -> 46378.4 | I3: =G3+(('Program Resources'!$E$6+'Program Resources'!$F$6)*K3) -> 47981.6 | J3: {=MAX(IF('Projects Adjusted'!$Q:$Q<>"", 'Projects Adjusted'!$Q:$Q))} -> 48182 | K3: =J3-G3 -> 2004
A4: Initiation Lead | B4: Program | C4: Program Management | D4: 1 | E4: 0 | F4: 0 | G4: {=MIN(IF('Projects Adjusted'!$M:$M<>"", 'Projects Adjusted'!$M:$M))} -> 46178 | H4: =G4+('Program Resources'!$E$6*K4) -> 46378.4 | I4: =G4+(('Program Resources'!$E$6+'Program Resources'!$F$6)*K4) -> 47981.6 | J4: {=MAX(IF('Projects Adjusted'!$Q:$Q<>"", 'Projects Adjusted'!$Q:$Q))} -> 48182 | K4: =J4-G4 -> 2004
A5: CM Manager | B5: Program | C5: Program Construction Management | D5: 0.25 | E5: 0.75 | F5: 0.5 | G5: {=MIN(IF('Projects Adjusted'!$M:$M<>"", 'Projects Adjusted'!$M:$M))} -> 46178 | H5: =G5+('Program Resources'!$E$6*K5) -> 46378.4 | I5: =G5+(('Program Resources'!$E$6+'Program Resources'!$F$6)*K5) -> 47981.6 | J5: {=MAX(IF('Projects Adjusted'!$Q:$Q<>"", 'Projects Adjusted'!$Q:$Q))} -> 48182 | K5: =J5-G5 -> 2004
A6: CM SPS Lead | B6: SPS | C6: Program Construction Management | D6: 0 | E6: 0.75 | F6: 0.5 | G6: {=MIN(IF('Projects Adjusted'!$M:$M<>"", 'Projects Adjusted'!$M:$M))} -> 46178 | H6: =G6+('Program Resources'!$E$6*K6) -> 46378.4 | I6: =G6+(('Program Resources'!$E$6+'Program Resources'!$F$6)*K6) -> 47981.6 | J6: {=MAX(IF('Projects Adjusted'!$Q:$Q<>"", 'Projects Adjusted'!$Q:$Q))} -> 48182 | K6: =J6-G6 -> 2004
A7: CM NSP Lead | B7: NSP | C7: Program Construction Management | D7: 0 | E7: 0.75 | F7: 0.5 | G7: {=MIN(IF('Projects Adjusted'!$M:$M<>"", 'Projects Adjusted'!$M:$M))} -> 46178 | H7: =G7+('Program Resources'!$E$6*K7) -> 46378.4 | I7: =G7+(('Program Resources'!$E$6+'Program Resources'!$F$6)*K7) -> 47981.6 | J7: {=MAX(IF('Projects Adjusted'!$Q:$Q<>"", 'Projects Adjusted'!$Q:$Q))} -> 48182 | K7: =J7-G7 -> 2004
A8: CM PSCo Lead | B8: PSCo | C8: Program Construction Management | D8: 0 | E8: 0.75 | F8: 0.5 | G8: {=MIN(IF('Projects Adjusted'!$M:$M<>"", 'Projects Adjusted'!$M:$M))} -> 46178 | H8: =G8+('Program Resources'!$E$6*K8) -> 46378.4 | I8: =G8+(('Program Resources'!$E$6+'Program Resources'!$F$6)*K8) -> 47981.6 | J8: {=MAX(IF('Projects Adjusted'!$Q:$Q<>"", 'Projects Adjusted'!$Q:$Q))} -> 48182 | K8: =J8-G8 -> 2004
A9: H&S Lead | B9: Program | C9: Program Construction Management | D9: 0.25 | E9: 0.75 | F9: 0 | G9: {=MIN(IF('Projects Adjusted'!$M:$M<>"", 'Projects Adjusted'!$M:$M))} -> 46178 | H9: =G9+('Program Resources'!$E$6*K9) -> 46378.4 | I9: =G9+(('Program Resources'!$E$6+'Program Resources'!$F$6)*K9) -> 47981.6 | J9: {=MAX(IF('Projects Adjusted'!$Q:$Q<>"", 'Projects Adjusted'!$Q:$Q))} -> 48182 | K9: =J9-G9 -> 2004
A10: Engineering Manager | B10: Program | C10: Program Engineering | D10: 0.25 | E10: 0.75 | F10: 0.5 | G10: {=MIN(IF('Projects Adjusted'!$M:$M<>"", 'Projects Adjusted'!$M:$M))} -> 46178 | H10: =G10+('Program Resources'!$E$6*K10) -> 46378.4 | I10: =G10+(('Program Resources'!$E$6+'Program Resources'!$F$6)*K10) -> 47981.6 | J10: {=MAX(IF('Projects Adjusted'!$Q:$Q<>"", 'Projects Adjusted'!$Q:$Q))} -> 48182 | K10: =J10-G10 -> 2004
A11: SPS Engr Lead | B11: SPS | C11: Program Engineering | D11: 0 | E11: 0 | F11: 0 | G11: {=MIN(IF('Projects Adjusted'!$M:$M<>"", 'Projects Adjusted'!$M:$M))} -> 46178 | H11: =G11+('Program Resources'!$E$6*K11) -> 46378.4 | I11: =G11+(('Program Resources'!$E$6+'Program Resources'!$F$6)*K11) -> 47981.6 | J11: {=MAX(IF('Projects Adjusted'!$Q:$Q<>"", 'Projects Adjusted'!$Q:$Q))} -> 48182 | K11: =J11-G11 -> 2004
A12: NSP Engr Lead | B12: NSP | C12: Program Engineering | D12: 0 | E12: 0 | F12: 0 | G12: {=MIN(IF('Projects Adjusted'!$M:$M<>"", 'Projects Adjusted'!$M:$M))} -> 46178 | H12: =G12+('Program Resources'!$E$6*K12) -> 46378.4 | I12: =G12+(('Program Resources'!$E$6+'Program Resources'!$F$6)*K12) -> 47981.6 | J12: {=MAX(IF('Projects Adjusted'!$Q:$Q<>"", 'Projects Adjusted'!$Q:$Q))} -> 48182 | K12: =J12-G12 -> 2004
A13: PSCO Engr Lead | B13: PSCo | C13: Program Engineering | D13: 0 | E13: 0 | F13: 0 | G13: {=MIN(IF('Projects Adjusted'!$M:$M<>"", 'Projects Adjusted'!$M:$M))} -> 46178 | H13: =G13+('Program Resources'!$E$6*K13) -> 46378.4 | I13: =G13+(('Program Resources'!$E$6+'Program Resources'!$F$6)*K13) -> 47981.6 | J13: {=MAX(IF('Projects Adjusted'!$Q:$Q<>"", 'Projects Adjusted'!$Q:$Q))} -> 48182 | K13: =J13-G13 -> 2004
A14: PM Manager | B14: Program | C14: Program Engineering | D14: 0.5 | E14: 0.75 | F14: 0.5 | G14: {=MIN(IF('Projects Adjusted'!$M:$M<>"", 'Projects Adjusted'!$M:$M))} -> 46178 | H14: =G14+('Program Resources'!$E$6*K14) -> 46378.4 | I14: =G14+(('Program Resources'!$E$6+'Program Resources'!$F$6)*K14) -> 47981.6 | J14: {=MAX(IF('Projects Adjusted'!$Q:$Q<>"", 'Projects Adjusted'!$Q:$Q))} -> 48182 | K14: =J14-G14 -> 2004
... A26: Finance Lead | B26: Program | C26: Program Management | D26: 0 | E26: 0 | F26: 0 | G26: {=MIN(IF('Projects Adjusted'!$M:$M<>"", 'Projects Adjusted'!$M:$M))} -> 46178 | H26: =G26+('Program Resources'!$E$6*K26) -> 46378.4 | I26: =G26+(('Program Resources'!$E$6+'Program Resources'!$F$6)*K26) -> 47981.6 | J26: {=MAX(IF('Projects Adjusted'!$Q:$Q<>"", 'Projects Adjusted'!$Q:$Q))} -> 48182 | K26: =J26-G26 -> 2004
